{
    "vertex": "zenith:core/msdf_font/vertex",
    "fragment": "zenith:core/msdf_font/fragment",
    "samplers": [
        { "name": "Sampler0" }
    ],
    "uniforms": [
        { "name": "ModelViewMat", "type": "matrix4x4", "count": 16, "values": [ 1.0, 0.0, 0.0, 0.0, 0.0, 1.0, 0.0, 0.0, 0.0, 0.0, 1.0, 0.0, 0.0, 0.0, 0.0, 1.0 ] },
        { "name": "ProjMat", "type": "matrix4x4", "count": 16, "values": [ 1.0, 0.0, 0.0, 0.0, 0.0, 1.0, 0.0, 0.0, 0.0, 0.0, 1.0, 0.0, 0.0, 0.0, 0.0, 1.0 ] },
        { "name": "Range", "type": "float", "count": 1, "values": [ 0.0 ] },
        { "name": "Thickness", "type": "float", "count": 1, "values": [ 0.0 ] },
        { "name": "Smoothness", "type": "float", "count": 1, "values": [ 0.0 ] },
        { "name": "Outline", "type": "int", "count": 1, "values": [ 0 ] },
        { "name": "OutlineThickness", "type": "float", "count": 1, "values": [ 0.0 ] },
        { "name": "OutlineColor", "type": "float", "count": 4, "values": [ 0.0, 0.0, 0.0, 0.0 ] },
        { "name": "EnableFadeout", "type": "int", "count": 1, "values": [ 0 ] },
        { "name": "FadeoutStart", "type": "float", "count": 1, "values": [ 0.0 ] },
        { "name": "FadeoutEnd", "type": "float", "count": 1, "values": [ 0.0 ] },
        { "name": "MaxWidth", "type": "float", "count": 1, "values": [ 0.0 ] },
        { "name": "TextPosX", "type": "float", "count": 1, "values": [ 0.0 ] },
        { "name": "ColorModulator", "type": "float", "count": 4, "values": [ 1.0, 1.0, 1.0, 1.0 ] }
    ]
}