{
    "vertex": "zenith:core/position_texture_color",
    "fragment": "zenith:core/squircle_texture/fragment",
    "samplers": [
        { "name": "Sampler0" }
    ],
    "uniforms": [
        { "name": "ModelViewMat", "type": "matrix4x4", "count": 16, "values": [ 1.0, 0.0, 0.0, 0.0, 0.0, 1.0, 0.0, 0.0, 0.0, 0.0, 1.0, 0.0, 0.0, 0.0, 0.0, 1.0 ] },
        { "name": "ProjMat", "type": "matrix4x4", "count": 16, "values": [ 1.0, 0.0, 0.0, 0.0, 0.0, 1.0, 0.0, 0.0, 0.0, 0.0, 1.0, 0.0, 0.0, 0.0, 0.0, 1.0 ] },
        { "name": "Size", "type": "float", "count": 2, "values": [ 0.0, 0.0 ] },
        { "name": "Radius", "type": "float", "count": 4, "values": [ 0.0, 0.0, 0.0, 0.0 ] },
        { "name": "ColorModulator", "type": "float", "count": 4, "values": [ 1.0, 1.0, 1.0, 1.0 ] },
        { "name": "Smoothness", "type": "float", "count": 1, "values": [ 1.0 ] },
        { "name": "CornerSmoothness", "type": "float", "count": 1, "values": [ 1.0 ] }
    ]
}
