{
  "vertex": "zenith:core/kawase_down/vertex",
  "fragment": "zenith:core/kawase_down/fragment",
  "samplers": [
    {
      "name": "Sampler0"
    }
  ],
  "uniforms": [
    { "name": "ModelViewMat","type": "matrix4x4", "count": 16,"values": [1.0, 0.0, 0.0, 0.0, 0.0, 1.0, 0.0, 0.0, 0.0, 0.0, 1.0, 0.0, 0.0, 0.0, 0.0, 1.0] },
    { "name": "ProjMat", "type": "matrix4x4", "count": 16, "values": [1.0, 0.0, 0.0, 0.0, 0.0, 1.0, 0.0, 0.0, 0.0, 0.0, 1.0, 0.0, 0.0, 0.0, 0.0, 1.0] },
    { "name": "Resolution", "type": "float", "count": 2, "values": [1.0, 1.0] },
    { "name": "Offset", "type": "float", "count": 1, "values": [1.0] },
    { "name": "Saturation", "type": "float", "count": 1, "values": [1.0] },
    { "name": "TintIntensity", "type": "float", "count": 1, "values": [0.0] },
    { "name": "TintColor", "type": "float", "count": 3, "values": [1.0, 1.0, 1.0] }
  ]
}
