{"atlas":{"type":"mtsdf","distanceRange":10,"distanceRangeMiddle":0,"size":64,"width":660,"height":660,"yOrigin":"bottom"},"metrics":{"emSize":1,"lineHeight":1.193359375,"ascender":0.9521484375,"descender":-0.2412109375,"underlineY":-0.18310546875,"underlineThickness":0.0927734375},"glyphs":[{"unicode":32,"advance":0.19775390625},{"unicode":33,"advance":0.31640625,"planeBounds":{"left":-0.005859375,"bottom":-0.1015625,"right":0.322265625,"top":0.7890625},"atlasBounds":{"left":602.5,"bottom":343.5,"right":623.5,"top":400.5}},{"unicode":34,"advance":0.45361328125,"planeBounds":{"left":-0.031005859375,"bottom":0.3515625,"right":0.484619140625,"top":0.7890625},"atlasBounds":{"left":136.5,"bottom":1.5,"right":169.5,"top":29.5}},{"unicode":35,"advance":0.63671875,"planeBounds":{"left":-0.080078125,"bottom":-0.0859375,"right":0.716796875,"top":0.7890625},"atlasBounds":{"left":191.5,"bottom":487.5,"right":242.5,"top":543.5}},{"unicode":36,"advance":0.6474609375,"planeBounds":{"left":-0.03564453125,"bottom":-0.1484375,"right":0.68310546875,"top":0.8671875},"atlasBounds":{"left":295.5,"bottom":244.5,"right":341.5,"top":309.5}},{"unicode":37,"advance":0.8154296875,"planeBounds":{"left":-0.06103515625,"bottom":-0.1015625,"right":0.87646484375,"top":0.8046875},"atlasBounds":{"left":0.5,"bottom":83.5,"right":60.5,"top":141.5}},{"unicode":38,"advance":0.70166015625,"planeBounds":{"left":-0.0498046875,"bottom":-0.1015625,"right":0.7939453125,"top":0.8046875},"atlasBounds":{"left":75.5,"bottom":37.5,"right":129.5,"top":95.5}},{"unicode":40,"advance":0.3818359375,"planeBounds":{"left":0.008056640625,"bottom":-0.2421875,"right":0.445556640625,"top":0.7890625},"atlasBounds":{"left":602.5,"bottom":526.5,"right":630.5,"top":592.5}},{"unicode":41,"advance":0.3818359375,"planeBounds":{"left":-0.063720703125,"bottom":-0.2421875,"right":0.373779296875,"top":0.7890625},"atlasBounds":{"left":631.5,"bottom":593.5,"right":659.5,"top":659.5}},{"unicode":42,"advance":0.4853515625,"planeBounds":{"left":-0.029541015625,"bottom":0.2734375,"right":0.517333984375,"top":0.8203125},"atlasBounds":{"left":0.5,"bottom":1.5,"right":35.5,"top":36.5}},{"unicode":43,"advance":0.6474609375,"planeBounds":{"left":-0.02001953125,"bottom":-0.0859375,"right":0.66748046875,"top":0.6484375},"atlasBounds":{"left":343.5,"bottom":5.5,"right":387.5,"top":52.5}},{"unicode":44,"advance":0.27783203125,"planeBounds":{"left":-0.041259765625,"bottom":-0.2421875,"right":0.302490234375,"top":0.2109375},"atlasBounds":{"left":36.5,"bottom":7.5,"right":58.5,"top":36.5}},{"unicode":45,"advance":0.44189453125,"planeBounds":{"left":-0.021240234375,"bottom":0.1328125,"right":0.463134765625,"top":0.4296875},"atlasBounds":{"left":563.5,"bottom":225.5,"right":594.5,"top":244.5}},{"unicode":46,"advance":0.27783203125,"planeBounds":{"left":-0.02490234375,"bottom":-0.0859375,"right":0.30322265625,"top":0.2421875},"atlasBounds":{"left":522.5,"bottom":2.5,"right":543.5,"top":23.5}},{"unicode":47,"advance":0.3818359375,"planeBounds":{"left":-0.08251953125,"bottom":-0.2421875,"right":0.46435546875,"top":0.7890625},"atlasBounds":{"left":563.5,"bottom":548.5,"right":598.5,"top":614.5}},{"unicode":48,"advance":0.65087890625,"planeBounds":{"left":-0.041748046875,"bottom":-0.1015625,"right":0.692626953125,"top":0.8046875},"atlasBounds":{"left":244.5,"bottom":42.5,"right":291.5,"top":100.5}},{"unicode":49,"advance":0.47998046875,"planeBounds":{"left":-0.042236328125,"bottom":-0.0859375,"right":0.457763671875,"top":0.7890625},"atlasBounds":{"left":563.5,"bottom":245.5,"right":595.5,"top":301.5}},{"unicode":50,"advance":0.60302734375,"planeBounds":{"left":-0.0419921875,"bottom":-0.0859375,"right":0.6455078125,"top":0.8046875},"atlasBounds":{"left":390.5,"bottom":557.5,"right":434.5,"top":614.5}},{"unicode":51,"advance":0.6298828125,"planeBounds":{"left":-0.047119140625,"bottom":-0.1015625,"right":0.671630859375,"top":0.8046875},"atlasBounds":{"left":295.5,"bottom":185.5,"right":341.5,"top":243.5}},{"unicode":52,"advance":0.64794921875,"planeBounds":{"left":-0.048583984375,"bottom":-0.0859375,"right":0.701416015625,"top":0.7890625},"atlasBounds":{"left":244.5,"bottom":261.5,"right":292.5,"top":317.5}},{"unicode":53,"advance":0.625,"planeBounds":{"left":-0.027099609375,"bottom":-0.1015625,"right":0.676025390625,"top":0.7890625},"atlasBounds":{"left":343.5,"bottom":375.5,"right":388.5,"top":432.5}},{"unicode":54,"advance":0.64306640625,"planeBounds":{"left":-0.04443359375,"bottom":-0.1015625,"right":0.68994140625,"top":0.8046875},"atlasBounds":{"left":295.5,"bottom":601.5,"right":342.5,"top":659.5}},{"unicode":55,"advance":0.572265625,"planeBounds":{"left":-0.052734375,"bottom":-0.0859375,"right":0.619140625,"top":0.7890625},"atlasBounds":{"left":435.5,"bottom":558.5,"right":478.5,"top":614.5}},{"unicode":56,"advance":0.65234375,"planeBounds":{"left":-0.041015625,"bottom":-0.1015625,"right":0.693359375,"top":0.8046875},"atlasBounds":{"left":295.5,"bottom":542.5,"right":342.5,"top":600.5}},{"unicode":57,"advance":0.64501953125,"planeBounds":{"left":-0.0458984375,"bottom":-0.1015625,"right":0.6884765625,"top":0.8046875},"atlasBounds":{"left":295.5,"bottom":483.5,"right":342.5,"top":541.5}},{"unicode":58,"advance":0.27783203125,"planeBounds":{"left":-0.02490234375,"bottom":-0.0859375,"right":0.30322265625,"top":0.5859375},"atlasBounds":{"left":602.5,"bottom":299.5,"right":623.5,"top":342.5}},{"unicode":59,"advance":0.27783203125,"planeBounds":{"left":-0.042236328125,"bottom":-0.2421875,"right":0.301513671875,"top":0.5859375},"atlasBounds":{"left":602.5,"bottom":401.5,"right":624.5,"top":454.5}},{"unicode":60,"advance":0.6474609375,"planeBounds":{"left":0.011474609375,"bottom":-0.1015625,"right":0.636474609375,"top":0.6640625},"atlasBounds":{"left":522.5,"bottom":69.5,"right":562.5,"top":118.5}},{"unicode":61,"advance":0.6474609375,"planeBounds":{"left":-0.01220703125,"bottom":0.0234375,"right":0.65966796875,"top":0.5390625},"atlasBounds":{"left":75.5,"bottom":3.5,"right":118.5,"top":36.5}},{"unicode":62,"advance":0.6474609375,"planeBounds":{"left":0.011474609375,"bottom":-0.1015625,"right":0.636474609375,"top":0.6640625},"atlasBounds":{"left":522.5,"bottom":188.5,"right":562.5,"top":237.5}},{"unicode":63,"advance":0.53369140625,"planeBounds":{"left":-0.059326171875,"bottom":-0.1015625,"right":0.581298828125,"top":0.7890625},"atlasBounds":{"left":479.5,"bottom":74.5,"right":520.5,"top":131.5}},{"unicode":64,"advance":0.8837890625,"planeBounds":{"left":-0.041748046875,"bottom":-0.1953125,"right":0.927001953125,"top":0.7890625},"atlasBounds":{"left":0.5,"bottom":300.5,"right":62.5,"top":363.5}},{"unicode":65,"advance":0.68994140625,"planeBounds":{"left":-0.06884765625,"bottom":-0.0859375,"right":0.75927734375,"top":0.7890625},"atlasBounds":{"left":136.5,"bottom":423.5,"right":189.5,"top":479.5}},{"unicode":66,"advance":0.6396484375,"planeBounds":{"left":-0.02294921875,"bottom":-0.0859375,"right":0.69580078125,"top":0.7890625},"atlasBounds":{"left":295.5,"bottom":71.5,"right":341.5,"top":127.5}},{"unicode":67,"advance":0.71240234375,"planeBounds":{"left":-0.0478515625,"bottom":-0.1015625,"right":0.7646484375,"top":0.8046875},"atlasBounds":{"left":136.5,"bottom":307.5,"right":188.5,"top":365.5}},{"unicode":68,"advance":0.69970703125,"planeBounds":{"left":-0.021728515625,"bottom":-0.0859375,"right":0.743896484375,"top":0.7890625},"atlasBounds":{"left":244.5,"bottom":546.5,"right":293.5,"top":602.5}},{"unicode":69,"advance":0.5732421875,"planeBounds":{"left":-0.0205078125,"bottom":-0.0859375,"right":0.6044921875,"top":0.7890625},"atlasBounds":{"left":522.5,"bottom":546.5,"right":562.5,"top":602.5}},{"unicode":70,"advance":0.54833984375,"planeBounds":{"left":-0.023193359375,"bottom":-0.0859375,"right":0.601806640625,"top":0.7890625},"atlasBounds":{"left":522.5,"bottom":489.5,"right":562.5,"top":545.5}},{"unicode":71,"advance":0.72705078125,"planeBounds":{"left":-0.043701171875,"bottom":-0.1015625,"right":0.768798828125,"top":0.8046875},"atlasBounds":{"left":136.5,"bottom":248.5,"right":188.5,"top":306.5}},{"unicode":72,"advance":0.7294921875,"planeBounds":{"left":-0.02587890625,"bottom":-0.0859375,"right":0.75537109375,"top":0.7890625},"atlasBounds":{"left":191.5,"bottom":217.5,"right":241.5,"top":273.5}},{"unicode":73,"advance":0.2646484375,"planeBounds":{"left":-0.02392578125,"bottom":-0.0859375,"right":0.28857421875,"top":0.7890625},"atlasBounds":{"left":602.5,"bottom":185.5,"right":622.5,"top":241.5}},{"unicode":74,"advance":0.55810546875,"planeBounds":{"left":-0.065673828125,"bottom":-0.1015625,"right":0.574951171875,"top":0.7890625},"atlasBounds":{"left":479.5,"bottom":132.5,"right":520.5,"top":189.5}},{"unicode":75,"advance":0.66064453125,"planeBounds":{"left":-0.02490234375,"bottom":-0.0859375,"right":0.74072265625,"top":0.7890625},"atlasBounds":{"left":244.5,"bottom":489.5,"right":293.5,"top":545.5}},{"unicode":76,"advance":0.54296875,"planeBounds":{"left":-0.026123046875,"bottom":-0.0859375,"right":0.598876953125,"top":0.7890625},"atlasBounds":{"left":522.5,"bottom":603.5,"right":562.5,"top":659.5}},{"unicode":77,"advance":0.86328125,"planeBounds":{"left":-0.021484375,"bottom":-0.0859375,"right":0.884765625,"top":0.7890625},"atlasBounds":{"left":75.5,"bottom":501.5,"right":133.5,"top":557.5}},{"unicode":78,"advance":0.71435546875,"planeBounds":{"left":-0.025634765625,"bottom":-0.0859375,"right":0.739990234375,"top":0.7890625},"atlasBounds":{"left":244.5,"bottom":375.5,"right":293.5,"top":431.5}},{"unicode":79,"advance":0.75244140625,"planeBounds":{"left":-0.04541015625,"bottom":-0.1015625,"right":0.79833984375,"top":0.8046875},"atlasBounds":{"left":136.5,"bottom":601.5,"right":190.5,"top":659.5}},{"unicode":80,"advance":0.61767578125,"planeBounds":{"left":-0.019775390625,"bottom":-0.0859375,"right":0.667724609375,"top":0.7890625},"atlasBounds":{"left":390.5,"bottom":383.5,"right":434.5,"top":439.5}},{"unicode":81,"advance":0.75244140625,"planeBounds":{"left":-0.045654296875,"bottom":-0.1484375,"right":0.798095703125,"top":0.8046875},"atlasBounds":{"left":136.5,"bottom":539.5,"right":190.5,"top":600.5}},{"unicode":82,"advance":0.64013671875,"planeBounds":{"left":-0.026611328125,"bottom":-0.0859375,"right":0.707763671875,"top":0.7890625},"atlasBounds":{"left":295.5,"bottom":426.5,"right":342.5,"top":482.5}},{"unicode":83,"advance":0.63134765625,"planeBounds":{"left":-0.05126953125,"bottom":-0.1015625,"right":0.68310546875,"top":0.8046875},"atlasBounds":{"left":295.5,"bottom":367.5,"right":342.5,"top":425.5}},{"unicode":84,"advance":0.6015625,"planeBounds":{"left":-0.058349609375,"bottom":-0.0859375,"right":0.660400390625,"top":0.7890625},"atlasBounds":{"left":343.5,"bottom":603.5,"right":389.5,"top":659.5}},{"unicode":85,"advance":0.70751953125,"planeBounds":{"left":-0.021240234375,"bottom":-0.1015625,"right":0.728759765625,"top":0.7890625},"atlasBounds":{"left":244.5,"bottom":158.5,"right":292.5,"top":215.5}},{"unicode":86,"advance":0.67822265625,"planeBounds":{"left":-0.06689453125,"bottom":-0.0859375,"right":0.74560546875,"top":0.7890625},"atlasBounds":{"left":136.5,"bottom":191.5,"right":188.5,"top":247.5}},{"unicode":87,"advance":0.96533203125,"planeBounds":{"left":-0.06396484375,"bottom":-0.0859375,"right":1.02978515625,"top":0.7890625},"atlasBounds":{"left":0.5,"bottom":546.5,"right":70.5,"top":602.5}},{"unicode":88,"advance":0.685546875,"planeBounds":{"left":-0.0634765625,"bottom":-0.0859375,"right":0.7490234375,"top":0.7890625},"atlasBounds":{"left":136.5,"bottom":134.5,"right":188.5,"top":190.5}},{"unicode":89,"advance":0.6650390625,"planeBounds":{"left":-0.065673828125,"bottom":-0.0859375,"right":0.731201171875,"top":0.7890625},"atlasBounds":{"left":191.5,"bottom":385.5,"right":242.5,"top":441.5}},{"unicode":90,"advance":0.630859375,"planeBounds":{"left":-0.0361328125,"bottom":-0.0859375,"right":0.6669921875,"top":0.7890625},"atlasBounds":{"left":343.5,"bottom":147.5,"right":388.5,"top":203.5}},{"unicode":91,"advance":0.3818359375,"planeBounds":{"left":0.015625,"bottom":-0.2421875,"right":0.453125,"top":0.7890625},"atlasBounds":{"left":563.5,"bottom":2.5,"right":591.5,"top":68.5}},{"unicode":92,"advance":0.3818359375,"planeBounds":{"left":-0.08251953125,"bottom":-0.2421875,"right":0.46435546875,"top":0.7890625},"atlasBounds":{"left":563.5,"bottom":481.5,"right":598.5,"top":547.5}},{"unicode":93,"advance":0.3818359375,"planeBounds":{"left":-0.0712890625,"bottom":-0.2421875,"right":0.3662109375,"top":0.7890625},"atlasBounds":{"left":602.5,"bottom":593.5,"right":630.5,"top":659.5}},{"unicode":94,"advance":0.4775390625,"planeBounds":{"left":-0.057861328125,"bottom":0.3046875,"right":0.535888671875,"top":0.7734375},"atlasBounds":{"left":191.5,"bottom":3.5,"right":229.5,"top":33.5}},{"unicode":95,"advance":0.41845703125,"planeBounds":{"left":-0.103271484375,"bottom":-0.2421875,"right":0.521728515625,"top":0.0390625},"atlasBounds":{"left":390.5,"bottom":18.5,"right":430.5,"top":36.5}},{"unicode":96,"advance":0.4931640625,"planeBounds":{"left":0.044189453125,"bottom":0.5390625,"right":0.450439453125,"top":0.8671875},"atlasBounds":{"left":479.5,"bottom":5.5,"right":505.5,"top":26.5}},{"unicode":97,"advance":0.54736328125,"planeBounds":{"left":-0.05615234375,"bottom":-0.1015625,"right":0.58447265625,"top":0.6171875},"atlasBounds":{"left":479.5,"bottom":190.5,"right":520.5,"top":236.5}},{"unicode":98,"advance":0.59716796875,"planeBounds":{"left":-0.033935546875,"bottom":-0.1015625,"right":0.653564453125,"top":0.7890625},"atlasBounds":{"left":390.5,"bottom":37.5,"right":434.5,"top":94.5}},{"unicode":99,"advance":0.544921875,"planeBounds":{"left":-0.05322265625,"bottom":-0.1015625,"right":0.60302734375,"top":0.6171875},"atlasBounds":{"left":479.5,"bottom":523.5,"right":521.5,"top":569.5}},{"unicode":100,"advance":0.595703125,"planeBounds":{"left":-0.056640625,"bottom":-0.1015625,"right":0.630859375,"top":0.7890625},"atlasBounds":{"left":390.5,"bottom":95.5,"right":434.5,"top":152.5}},{"unicode":101,"advance":0.55517578125,"planeBounds":{"left":-0.05810546875,"bottom":-0.1015625,"right":0.61376953125,"top":0.6171875},"atlasBounds":{"left":435.5,"bottom":315.5,"right":478.5,"top":361.5}},{"unicode":102,"advance":0.35595703125,"planeBounds":{"left":-0.07080078125,"bottom":-0.0859375,"right":0.41357421875,"top":0.7890625},"atlasBounds":{"left":563.5,"bottom":168.5,"right":594.5,"top":224.5}},{"unicode":103,"advance":0.59326171875,"planeBounds":{"left":-0.056640625,"bottom":-0.2890625,"right":0.630859375,"top":0.6171875},"atlasBounds":{"left":390.5,"bottom":267.5,"right":434.5,"top":325.5}},{"unicode":104,"advance":0.58447265625,"planeBounds":{"left":-0.033203125,"bottom":-0.0859375,"right":0.623046875,"top":0.7890625},"atlasBounds":{"left":479.5,"bottom":419.5,"right":521.5,"top":475.5}},{"unicode":105,"advance":0.23974609375,"planeBounds":{"left":-0.0361328125,"bottom":-0.0859375,"right":0.2763671875,"top":0.8203125},"atlasBounds":{"left":602.5,"bottom":126.5,"right":622.5,"top":184.5}},{"unicode":106,"advance":0.23974609375,"planeBounds":{"left":-0.11474609375,"bottom":-0.2734375,"right":0.27587890625,"top":0.8203125},"atlasBounds":{"left":602.5,"bottom":455.5,"right":627.5,"top":525.5}},{"unicode":107,"advance":0.5380859375,"planeBounds":{"left":-0.031494140625,"bottom":-0.0859375,"right":0.624755859375,"top":0.7890625},"atlasBounds":{"left":435.5,"bottom":60.5,"right":477.5,"top":116.5}},{"unicode":108,"advance":0.2421875,"planeBounds":{"left":-0.03515625,"bottom":-0.0859375,"right":0.27734375,"top":0.7890625},"atlasBounds":{"left":602.5,"bottom":242.5,"right":622.5,"top":298.5}},{"unicode":109,"advance":0.86328125,"planeBounds":{"left":-0.035888671875,"bottom":-0.0859375,"right":0.901611328125,"top":0.6171875},"atlasBounds":{"left":0.5,"bottom":37.5,"right":60.5,"top":82.5}},{"unicode":110,"advance":0.576171875,"planeBounds":{"left":-0.038818359375,"bottom":-0.0859375,"right":0.617431640625,"top":0.6171875},"atlasBounds":{"left":435.5,"bottom":223.5,"right":477.5,"top":268.5}},{"unicode":111,"advance":0.57275390625,"planeBounds":{"left":-0.05712890625,"bottom":-0.1015625,"right":0.63037109375,"top":0.6171875},"atlasBounds":{"left":343.5,"bottom":53.5,"right":387.5,"top":99.5}},{"unicode":112,"advance":0.59326171875,"planeBounds":{"left":-0.037353515625,"bottom":-0.2578125,"right":0.650146484375,"top":0.6171875},"atlasBounds":{"left":390.5,"bottom":210.5,"right":434.5,"top":266.5}},{"unicode":113,"advance":0.59326171875,"planeBounds":{"left":-0.056640625,"bottom":-0.2578125,"right":0.630859375,"top":0.6171875},"atlasBounds":{"left":390.5,"bottom":326.5,"right":434.5,"top":382.5}},{"unicode":114,"advance":0.36376953125,"planeBounds":{"left":-0.03515625,"bottom":-0.0859375,"right":0.43359375,"top":0.6171875},"atlasBounds":{"left":563.5,"bottom":69.5,"right":593.5,"top":114.5}},{"unicode":115,"advance":0.51513671875,"planeBounds":{"left":-0.054931640625,"bottom":-0.1015625,"right":0.570068359375,"top":0.6171875},"atlasBounds":{"left":522.5,"bottom":283.5,"right":562.5,"top":329.5}},{"unicode":116,"advance":0.35546875,"planeBounds":{"left":-0.074951171875,"bottom":-0.0859375,"right":0.409423828125,"top":0.7265625},"atlasBounds":{"left":563.5,"bottom":115.5,"right":594.5,"top":167.5}},{"unicode":117,"advance":0.576171875,"planeBounds":{"left":-0.041259765625,"bottom":-0.1015625,"right":0.614990234375,"top":0.6015625},"atlasBounds":{"left":435.5,"bottom":269.5,"right":477.5,"top":314.5}},{"unicode":118,"advance":0.52783203125,"planeBounds":{"left":-0.079833984375,"bottom":-0.0859375,"right":0.607666015625,"top":0.6015625},"atlasBounds":{"left":390.5,"bottom":615.5,"right":434.5,"top":659.5}},{"unicode":119,"advance":0.7900390625,"planeBounds":{"left":-0.07373046875,"bottom":-0.0859375,"right":0.86376953125,"top":0.6015625},"atlasBounds":{"left":75.5,"bottom":615.5,"right":135.5,"top":659.5}},{"unicode":120,"advance":0.52783203125,"planeBounds":{"left":-0.07177734375,"bottom":-0.0859375,"right":0.60009765625,"top":0.6015625},"atlasBounds":{"left":435.5,"bottom":421.5,"right":478.5,"top":465.5}},{"unicode":121,"advance":0.54296875,"planeBounds":{"left":-0.080078125,"bottom":-0.2734375,"right":0.623046875,"top":0.6015625},"atlasBounds":{"left":343.5,"bottom":261.5,"right":388.5,"top":317.5}},{"unicode":122,"advance":0.50537109375,"planeBounds":{"left":-0.044189453125,"bottom":-0.0859375,"right":0.549560546875,"top":0.6015625},"atlasBounds":{"left":563.5,"bottom":615.5,"right":601.5,"top":659.5}},{"unicode":123,"advance":0.3818359375,"planeBounds":{"left":-0.06689453125,"bottom":-0.2421875,"right":0.44873046875,"top":0.7890625},"atlasBounds":{"left":563.5,"bottom":302.5,"right":596.5,"top":368.5}},{"unicode":124,"advance":0.3818359375,"planeBounds":{"left":0.042724609375,"bottom":-0.2421875,"right":0.339599609375,"top":0.7890625},"atlasBounds":{"left":602.5,"bottom":59.5,"right":621.5,"top":125.5}},{"unicode":125,"advance":0.3818359375,"planeBounds":{"left":-0.06689453125,"bottom":-0.2421875,"right":0.44873046875,"top":0.7890625},"atlasBounds":{"left":563.5,"bottom":369.5,"right":596.5,"top":435.5}},{"unicode":126,"advance":0.6474609375,"planeBounds":{"left":-0.020018114634480486,"bottom":0.1484375,"right":0.66748188536551956,"top":0.5546875},"atlasBounds":{"left":244.5,"bottom":15.5,"right":288.5,"top":41.5}},{"unicode":1025,"advance":0.58349609375,"planeBounds":{"left":-0.015625,"bottom":-0.0859375,"right":0.609375,"top":0.9765625},"atlasBounds":{"left":522.5,"bottom":119.5,"right":562.5,"top":187.5}},{"unicode":1040,"advance":0.69970703125,"planeBounds":{"left":-0.06396484375,"bottom":-0.0859375,"right":0.76416015625,"top":0.7890625},"atlasBounds":{"left":136.5,"bottom":366.5,"right":189.5,"top":422.5}},{"unicode":1041,"advance":0.63818359375,"planeBounds":{"left":-0.021484375,"bottom":-0.0859375,"right":0.681640625,"top":0.7890625},"atlasBounds":{"left":343.5,"bottom":318.5,"right":388.5,"top":374.5}},{"unicode":1042,"advance":0.6494140625,"planeBounds":{"left":-0.01806640625,"bottom":-0.0859375,"right":0.70068359375,"top":0.7890625},"atlasBounds":{"left":295.5,"bottom":128.5,"right":341.5,"top":184.5}},{"unicode":1043,"advance":0.54833984375,"planeBounds":{"left":-0.02197265625,"bottom":-0.0859375,"right":0.60302734375,"top":0.7890625},"atlasBounds":{"left":522.5,"bottom":330.5,"right":562.5,"top":386.5}},{"unicode":1044,"advance":0.76220703125,"planeBounds":{"left":-0.06787109375,"bottom":-0.2265625,"right":0.82275390625,"top":0.7890625},"atlasBounds":{"left":75.5,"bottom":378.5,"right":132.5,"top":443.5}},{"unicode":1045,"advance":0.58349609375,"planeBounds":{"left":-0.015625,"bottom":-0.0859375,"right":0.609375,"top":0.7890625},"atlasBounds":{"left":522.5,"bottom":387.5,"right":562.5,"top":443.5}},{"unicode":1046,"advance":1.0078125,"planeBounds":{"left":-0.073974609375,"bottom":-0.0859375,"right":1.082275390625,"top":0.7890625},"atlasBounds":{"left":0.5,"bottom":603.5,"right":74.5,"top":659.5}},{"unicode":1047,"advance":0.6279296875,"planeBounds":{"left":-0.04541015625,"bottom":-0.1015625,"right":0.67333984375,"top":0.8046875},"atlasBounds":{"left":343.5,"bottom":544.5,"right":389.5,"top":602.5}},{"unicode":1048,"advance":0.74169921875,"planeBounds":{"left":-0.019775390625,"bottom":-0.0859375,"right":0.761474609375,"top":0.7890625},"atlasBounds":{"left":191.5,"bottom":160.5,"right":241.5,"top":216.5}},{"unicode":1049,"advance":0.74169921875,"planeBounds":{"left":-0.019775390625,"bottom":-0.0859375,"right":0.761474609375,"top":0.9765625},"atlasBounds":{"left":191.5,"bottom":34.5,"right":241.5,"top":102.5}},{"unicode":1050,"advance":0.673828125,"planeBounds":{"left":-0.018798828125,"bottom":-0.0859375,"right":0.746826171875,"top":0.7890625},"atlasBounds":{"left":244.5,"bottom":318.5,"right":293.5,"top":374.5}},{"unicode":1051,"advance":0.71728515625,"planeBounds":{"left":-0.060546875,"bottom":-0.0859375,"right":0.736328125,"top":0.7890625},"atlasBounds":{"left":191.5,"bottom":328.5,"right":242.5,"top":384.5}},{"unicode":1052,"advance":0.873046875,"planeBounds":{"left":-0.0166015625,"bottom":-0.0859375,"right":0.8896484375,"top":0.7890625},"atlasBounds":{"left":75.5,"bottom":444.5,"right":133.5,"top":500.5}},{"unicode":1053,"advance":0.7392578125,"planeBounds":{"left":-0.02099609375,"bottom":-0.0859375,"right":0.76025390625,"top":0.7890625},"atlasBounds":{"left":244.5,"bottom":603.5,"right":294.5,"top":659.5}},{"unicode":1054,"advance":0.76220703125,"planeBounds":{"left":-0.04052734375,"bottom":-0.1015625,"right":0.80322265625,"top":0.8046875},"atlasBounds":{"left":136.5,"bottom":480.5,"right":190.5,"top":538.5}},{"unicode":1055,"advance":0.73193359375,"planeBounds":{"left":-0.016845703125,"bottom":-0.0859375,"right":0.748779296875,"top":0.7890625},"atlasBounds":{"left":244.5,"bottom":432.5,"right":293.5,"top":488.5}},{"unicode":1056,"advance":0.63232421875,"planeBounds":{"left":-0.014892578125,"bottom":-0.0859375,"right":0.672607421875,"top":0.7890625},"atlasBounds":{"left":390.5,"bottom":153.5,"right":434.5,"top":209.5}},{"unicode":1057,"advance":0.72119140625,"planeBounds":{"left":-0.04345703125,"bottom":-0.1015625,"right":0.76904296875,"top":0.8046875},"atlasBounds":{"left":136.5,"bottom":75.5,"right":188.5,"top":133.5}},{"unicode":1058,"advance":0.611328125,"planeBounds":{"left":-0.053466796875,"bottom":-0.0859375,"right":0.665283203125,"top":0.7890625},"atlasBounds":{"left":295.5,"bottom":14.5,"right":341.5,"top":70.5}},{"unicode":1059,"advance":0.65234375,"planeBounds":{"left":-0.063232421875,"bottom":-0.0859375,"right":0.718017578125,"top":0.7890625},"atlasBounds":{"left":191.5,"bottom":103.5,"right":241.5,"top":159.5}},{"unicode":1060,"advance":0.8623046875,"planeBounds":{"left":-0.04541015625,"bottom":-0.1015625,"right":0.90771484375,"top":0.8046875},"atlasBounds":{"left":0.5,"bottom":196.5,"right":61.5,"top":254.5}},{"unicode":1061,"advance":0.6953125,"planeBounds":{"left":-0.05859375,"bottom":-0.0859375,"right":0.75390625,"top":0.7890625},"atlasBounds":{"left":191.5,"bottom":544.5,"right":243.5,"top":600.5}},{"unicode":1062,"advance":0.77587890625,"planeBounds":{"left":-0.019775390625,"bottom":-0.2265625,"right":0.839599609375,"top":0.7890625},"atlasBounds":{"left":75.5,"bottom":153.5,"right":130.5,"top":218.5}},{"unicode":1063,"advance":0.70166015625,"planeBounds":{"left":-0.029541015625,"bottom":-0.0859375,"right":0.720458984375,"top":0.7890625},"atlasBounds":{"left":244.5,"bottom":101.5,"right":292.5,"top":157.5}},{"unicode":1064,"advance":0.9697265625,"planeBounds":{"left":-0.01513671875,"bottom":-0.0859375,"right":0.98486328125,"top":0.7890625},"atlasBounds":{"left":0.5,"bottom":364.5,"right":64.5,"top":420.5}},{"unicode":1065,"advance":1.013671875,"planeBounds":{"left":-0.01806640625,"bottom":-0.2265625,"right":1.07568359375,"top":0.7890625},"atlasBounds":{"left":0.5,"bottom":480.5,"right":70.5,"top":545.5}},{"unicode":1066,"advance":0.76025390625,"planeBounds":{"left":-0.052001953125,"bottom":-0.0859375,"right":0.807373046875,"top":0.7890625},"atlasBounds":{"left":75.5,"bottom":96.5,"right":130.5,"top":152.5}},{"unicode":1067,"advance":0.88720703125,"planeBounds":{"left":-0.017333984375,"bottom":-0.0859375,"right":0.904541015625,"top":0.7890625},"atlasBounds":{"left":75.5,"bottom":558.5,"right":134.5,"top":614.5}},{"unicode":1068,"advance":0.6318359375,"planeBounds":{"left":-0.020263671875,"bottom":-0.0859375,"right":0.682861328125,"top":0.7890625},"atlasBounds":{"left":343.5,"bottom":433.5,"right":388.5,"top":489.5}},{"unicode":1069,"advance":0.72119140625,"planeBounds":{"left":-0.0478515625,"bottom":-0.1015625,"right":0.7646484375,"top":0.8046875},"atlasBounds":{"left":191.5,"bottom":601.5,"right":243.5,"top":659.5}},{"unicode":1070,"advance":1.02001953125,"planeBounds":{"left":-0.01806640625,"bottom":-0.1015625,"right":1.06005859375,"top":0.8046875},"atlasBounds":{"left":0.5,"bottom":421.5,"right":69.5,"top":479.5}},{"unicode":1071,"advance":0.66845703125,"planeBounds":{"left":-0.05126953125,"bottom":-0.0859375,"right":0.68310546875,"top":0.7890625},"atlasBounds":{"left":295.5,"bottom":310.5,"right":342.5,"top":366.5}},{"unicode":1072,"advance":0.556640625,"planeBounds":{"left":-0.05126953125,"bottom":-0.1015625,"right":0.58935546875,"top":0.6171875},"atlasBounds":{"left":479.5,"bottom":237.5,"right":520.5,"top":283.5}},{"unicode":1073,"advance":0.5908203125,"planeBounds":{"left":-0.046875,"bottom":-0.1015625,"right":0.640625,"top":0.8203125},"atlasBounds":{"left":390.5,"bottom":497.5,"right":434.5,"top":556.5}},{"unicode":1074,"advance":0.54541015625,"planeBounds":{"left":-0.03125,"bottom":-0.0859375,"right":0.59375,"top":0.6015625},"atlasBounds":{"left":522.5,"bottom":444.5,"right":562.5,"top":488.5}},{"unicode":1075,"advance":0.44677734375,"planeBounds":{"left":-0.031982421875,"bottom":-0.0859375,"right":0.499267578125,"top":0.6015625},"atlasBounds":{"left":563.5,"bottom":436.5,"right":597.5,"top":480.5}},{"unicode":1076,"advance":0.6337890625,"planeBounds":{"left":-0.0751953125,"bottom":-0.2265625,"right":0.7060546875,"top":0.6015625},"atlasBounds":{"left":191.5,"bottom":274.5,"right":241.5,"top":327.5}},{"unicode":1077,"advance":0.564453125,"planeBounds":{"left":-0.05322265625,"bottom":-0.1015625,"right":0.61865234375,"top":0.6171875},"atlasBounds":{"left":435.5,"bottom":511.5,"right":478.5,"top":557.5}},{"unicode":1078,"advance":0.8154296875,"planeBounds":{"left":-0.07666015625,"bottom":-0.0859375,"right":0.89208984375,"top":0.6015625},"atlasBounds":{"left":0.5,"bottom":255.5,"right":62.5,"top":299.5}},{"unicode":1079,"advance":0.52783203125,"planeBounds":{"left":-0.051513671875,"bottom":-0.1015625,"right":0.573486328125,"top":0.6171875},"atlasBounds":{"left":479.5,"bottom":27.5,"right":519.5,"top":73.5}},{"unicode":1080,"advance":0.59326171875,"planeBounds":{"left":-0.03125,"bottom":-0.0859375,"right":0.625,"top":0.6015625},"atlasBounds":{"left":479.5,"bottom":615.5,"right":521.5,"top":659.5}},{"unicode":1081,"advance":0.59326171875,"planeBounds":{"left":-0.03125,"bottom":-0.0859375,"right":0.625,"top":0.8515625},"atlasBounds":{"left":435.5,"bottom":162.5,"right":477.5,"top":222.5}},{"unicode":1082,"advance":0.5517578125,"planeBounds":{"left":-0.029296875,"bottom":-0.0859375,"right":0.626953125,"top":0.6015625},"atlasBounds":{"left":479.5,"bottom":570.5,"right":521.5,"top":614.5}},{"unicode":1083,"advance":0.57861328125,"planeBounds":{"left":-0.064453125,"bottom":-0.0859375,"right":0.607421875,"top":0.6015625},"atlasBounds":{"left":435.5,"bottom":466.5,"right":478.5,"top":510.5}},{"unicode":1084,"advance":0.74658203125,"planeBounds":{"left":-0.032958984375,"bottom":-0.0859375,"right":0.779541015625,"top":0.6015625},"atlasBounds":{"left":136.5,"bottom":30.5,"right":188.5,"top":74.5}},{"unicode":1085,"advance":0.587890625,"planeBounds":{"left":-0.0341796875,"bottom":-0.0859375,"right":0.6220703125,"top":0.6015625},"atlasBounds":{"left":435.5,"bottom":117.5,"right":477.5,"top":161.5}},{"unicode":1086,"advance":0.58203125,"planeBounds":{"left":-0.05224609375,"bottom":-0.1015625,"right":0.63525390625,"top":0.6171875},"atlasBounds":{"left":343.5,"bottom":100.5,"right":387.5,"top":146.5}},{"unicode":1087,"advance":0.5830078125,"planeBounds":{"left":-0.02880859375,"bottom":-0.0859375,"right":0.61181640625,"top":0.6015625},"atlasBounds":{"left":479.5,"bottom":374.5,"right":520.5,"top":418.5}},{"unicode":1088,"advance":0.60400390625,"planeBounds":{"left":-0.032470703125,"bottom":-0.2578125,"right":0.655029296875,"top":0.6171875},"atlasBounds":{"left":390.5,"bottom":440.5,"right":434.5,"top":496.5}},{"unicode":1089,"advance":0.55029296875,"planeBounds":{"left":-0.05078125,"bottom":-0.1015625,"right":0.60546875,"top":0.6171875},"atlasBounds":{"left":479.5,"bottom":476.5,"right":521.5,"top":522.5}},{"unicode":1090,"advance":0.4970703125,"planeBounds":{"left":-0.06396484375,"bottom":-0.0859375,"right":0.56103515625,"top":0.6015625},"atlasBounds":{"left":522.5,"bottom":238.5,"right":562.5,"top":282.5}},{"unicode":1091,"advance":0.552734375,"planeBounds":{"left":-0.0751953125,"bottom":-0.2734375,"right":0.6279296875,"top":0.6015625},"atlasBounds":{"left":343.5,"bottom":204.5,"right":388.5,"top":260.5}},{"unicode":1092,"advance":0.77001953125,"planeBounds":{"left":-0.052734375,"bottom":-0.2578125,"right":0.822265625,"top":0.7734375},"atlasBounds":{"left":75.5,"bottom":264.5,"right":131.5,"top":330.5}},{"unicode":1093,"advance":0.537109375,"planeBounds":{"left":-0.06689453125,"bottom":-0.0859375,"right":0.60498046875,"top":0.6015625},"atlasBounds":{"left":435.5,"bottom":615.5,"right":478.5,"top":659.5}},{"unicode":1094,"advance":0.62109375,"planeBounds":{"left":-0.029541015625,"bottom":-0.2265625,"right":0.689208984375,"top":0.6015625},"atlasBounds":{"left":343.5,"bottom":490.5,"right":389.5,"top":543.5}},{"unicode":1095,"advance":0.56640625,"planeBounds":{"left":-0.0419921875,"bottom":-0.0859375,"right":0.5986328125,"top":0.6015625},"atlasBounds":{"left":479.5,"bottom":329.5,"right":520.5,"top":373.5}},{"unicode":1096,"advance":0.8203125,"planeBounds":{"left":-0.027099609375,"bottom":-0.0859375,"right":0.847900390625,"top":0.6015625},"atlasBounds":{"left":75.5,"bottom":219.5,"right":131.5,"top":263.5}},{"unicode":1097,"advance":0.857421875,"planeBounds":{"left":-0.028564453125,"bottom":-0.2265625,"right":0.924560546875,"top":0.6015625},"atlasBounds":{"left":0.5,"bottom":142.5,"right":61.5,"top":195.5}},{"unicode":1098,"advance":0.6318359375,"planeBounds":{"left":-0.062255859375,"bottom":-0.0859375,"right":0.687744140625,"top":0.6015625},"atlasBounds":{"left":244.5,"bottom":216.5,"right":292.5,"top":260.5}},{"unicode":1099,"advance":0.7421875,"planeBounds":{"left":-0.027099609375,"bottom":-0.0859375,"right":0.769775390625,"top":0.6015625},"atlasBounds":{"left":191.5,"bottom":442.5,"right":242.5,"top":486.5}},{"unicode":1100,"advance":0.5263671875,"planeBounds":{"left":-0.030029296875,"bottom":-0.0859375,"right":0.579345703125,"top":0.6015625},"atlasBounds":{"left":522.5,"bottom":24.5,"right":561.5,"top":68.5}},{"unicode":1101,"advance":0.55029296875,"planeBounds":{"left":-0.05517578125,"bottom":-0.1015625,"right":0.60107421875,"top":0.6171875},"atlasBounds":{"left":435.5,"bottom":13.5,"right":477.5,"top":59.5}},{"unicode":1102,"advance":0.8115234375,"planeBounds":{"left":-0.02978515625,"bottom":-0.1015625,"right":0.86083984375,"top":0.6171875},"atlasBounds":{"left":75.5,"bottom":331.5,"right":132.5,"top":377.5}},{"unicode":1103,"advance":0.54443359375,"planeBounds":{"left":-0.0625,"bottom":-0.0859375,"right":0.578125,"top":0.6015625},"atlasBounds":{"left":479.5,"bottom":284.5,"right":520.5,"top":328.5}},{"unicode":1105,"advance":0.564453125,"planeBounds":{"left":-0.05322265625,"bottom":-0.1015625,"right":0.61865234375,"top":0.8046875},"atlasBounds":{"left":435.5,"bottom":362.5,"right":478.5,"top":420.5}}],"kerning":[]}
