{"atlas":{"type":"mtsdf","distanceRange":10,"distanceRangeMiddle":0,"size":64,"width":436,"height":436,"yOrigin":"bottom"},"metrics":{"emSize":1,"lineHeight":1.0900000000000001,"ascender":0.80000000000000004,"descender":-0.20000000000000001,"underlineY":-0.10000000000000001,"underlineThickness":0.050000000000000003},"glyphs":[{"unicode":48,"advance":1,"planeBounds":{"left":-0.070312500000000028,"bottom":-0.2734375,"right":1.0703125,"top":0.8671875},"atlasBounds":{"left":137.5,"bottom":286.5,"right":210.5,"top":359.5}},{"unicode":49,"advance":1,"planeBounds":{"left":-0.070271959459459424,"bottom":-0.2734375,"right":1.0703530405405406,"top":0.8671875},"atlasBounds":{"left":211.5,"bottom":286.5,"right":284.5,"top":359.5}},{"unicode":50,"advance":1,"planeBounds":{"left":0.074625000000000025,"bottom":-0.2734375,"right":0.91837500000000005,"top":0.8671875},"atlasBounds":{"left":285.5,"bottom":286.5,"right":339.5,"top":359.5}},{"unicode":51,"advance":1,"planeBounds":{"left":-0.070312500000000014,"bottom":-0.2734375,"right":1.0703125,"top":0.8671875},"atlasBounds":{"left":340.5,"bottom":286.5,"right":413.5,"top":359.5}},{"unicode":52,"advance":1,"planeBounds":{"left":-0.070312500000000014,"bottom":-0.2734375,"right":1.0703125,"top":0.8671875},"atlasBounds":{"left":0.5,"bottom":210.5,"right":73.5,"top":283.5}},{"unicode":53,"advance":1,"planeBounds":{"left":-0.054687499999999965,"bottom":-0.2734375,"right":0.9296875,"top":0.8671875},"atlasBounds":{"left":74.5,"bottom":210.5,"right":137.5,"top":283.5}},{"unicode":54,"advance":1,"planeBounds":{"left":-0.054687500000000021,"bottom":-0.2578125,"right":1.0546875,"top":0.8671875},"atlasBounds":{"left":294.5,"bottom":137.5,"right":365.5,"top":209.5}},{"unicode":55,"advance":1,"planeBounds":{"left":-0.070042499999999966,"bottom":-0.2578125,"right":1.0705825,"top":0.8671875},"atlasBounds":{"left":0.5,"bottom":63.5,"right":73.5,"top":135.5}},{"unicode":56,"advance":1,"planeBounds":{"left":-0.05471601341807901,"bottom":-0.2734375,"right":1.0546589865819209,"top":0.8671875},"atlasBounds":{"left":138.5,"bottom":210.5,"right":209.5,"top":283.5}},{"unicode":57,"advance":1,"planeBounds":{"left":-0.070312500000000014,"bottom":-0.2734375,"right":1.0703125,"top":0.8671875},"atlasBounds":{"left":210.5,"bottom":210.5,"right":283.5,"top":283.5}},{"unicode":58,"advance":1,"planeBounds":{"left":-0.070312500000000014,"bottom":-0.2734375,"right":1.0703125,"top":0.8671875},"atlasBounds":{"left":358.5,"bottom":210.5,"right":431.5,"top":283.5}},{"unicode":59,"advance":1,"planeBounds":{"left":-0.070312500000000014,"bottom":-0.2734375,"right":1.0703125,"top":0.8671875},"atlasBounds":{"left":72.5,"bottom":136.5,"right":145.5,"top":209.5}},{"unicode":65,"advance":1,"planeBounds":{"left":-0.078125,"bottom":-0.2890625,"right":0.578125,"top":0.8828125},"atlasBounds":{"left":0.5,"bottom":360.5,"right":42.5,"top":435.5}},{"unicode":66,"advance":1,"planeBounds":{"left":-0.070312500000000014,"bottom":-0.2734375,"right":1.0703125,"top":0.8671875},"atlasBounds":{"left":220.5,"bottom":136.5,"right":293.5,"top":209.5}},{"unicode":67,"advance":1,"planeBounds":{"left":-0.070312500000000014,"bottom":-0.2734375,"right":1.0703125,"top":0.8671875},"atlasBounds":{"left":146.5,"bottom":136.5,"right":219.5,"top":209.5}},{"unicode":68,"advance":1,"planeBounds":{"left":-0.070312500000000014,"bottom":-0.2265625,"right":1.0703125,"top":0.8203125},"atlasBounds":{"left":286.5,"bottom":68.5,"right":359.5,"top":135.5}},{"unicode":69,"advance":1,"planeBounds":{"left":-0.054687500000000021,"bottom":-0.2734375,"right":1.0546875,"top":0.8671875},"atlasBounds":{"left":0.5,"bottom":136.5,"right":71.5,"top":209.5}},{"unicode":70,"advance":1,"planeBounds":{"left":-0.070312500000000014,"bottom":-0.2421875,"right":1.0703125,"top":0.8515625},"atlasBounds":{"left":74.5,"bottom":65.5,"right":147.5,"top":135.5}},{"unicode":71,"advance":1,"planeBounds":{"left":-0.078125,"bottom":-0.2890625,"right":1.078125,"top":0.8828125},"atlasBounds":{"left":118.5,"bottom":360.5,"right":192.5,"top":435.5}},{"unicode":72,"advance":1,"planeBounds":{"left":-0.078125,"bottom":-0.1796875,"right":1.078125,"top":0.7890625},"atlasBounds":{"left":0.5,"bottom":0.5,"right":74.5,"top":62.5}},{"unicode":73,"advance":1,"planeBounds":{"left":-0.078125,"bottom":-0.2890625,"right":1.078125,"top":0.8828125},"atlasBounds":{"left":193.5,"bottom":360.5,"right":267.5,"top":435.5}},{"unicode":74,"advance":1,"planeBounds":{"left":-0.078125,"bottom":-0.2890625,"right":1.078125,"top":0.8828125},"atlasBounds":{"left":268.5,"bottom":360.5,"right":342.5,"top":435.5}},{"unicode":75,"advance":1,"planeBounds":{"left":-0.078125,"bottom":-0.2890625,"right":1.078125,"top":0.8828125},"atlasBounds":{"left":343.5,"bottom":360.5,"right":417.5,"top":435.5}},{"unicode":76,"advance":1,"planeBounds":{"left":-0.084562499999999985,"bottom":-0.2421875,"right":0.99356250000000002,"top":0.8359375},"atlasBounds":{"left":148.5,"bottom":66.5,"right":217.5,"top":135.5}},{"unicode":77,"advance":1,"planeBounds":{"left":-0.078904166666666664,"bottom":-0.2265625,"right":0.96797083333333334,"top":0.8359375},"atlasBounds":{"left":218.5,"bottom":67.5,"right":285.5,"top":135.5}},{"unicode":78,"advance":1,"planeBounds":{"left":-0.023437499999999944,"bottom":-0.2890625,"right":1.0234375,"top":0.8828125},"atlasBounds":{"left":0.5,"bottom":284.5,"right":67.5,"top":359.5}},{"unicode":79,"advance":1,"planeBounds":{"left":-0.039062500000000042,"bottom":-0.1484375,"right":1.0390625,"top":0.8359375},"atlasBounds":{"left":366.5,"bottom":146.5,"right":435.5,"top":209.5}},{"unicode":80,"advance":1.0700000000000001,"planeBounds":{"left":-0.011250000000000043,"bottom":-0.2890625,"right":1.05125,"top":0.8828125},"atlasBounds":{"left":68.5,"bottom":284.5,"right":136.5,"top":359.5}},{"unicode":81,"advance":1,"planeBounds":{"left":-0.046875000000000028,"bottom":0.1796875,"right":1.046875,"top":0.8203125},"atlasBounds":{"left":207.5,"bottom":21.5,"right":277.5,"top":62.5}},{"unicode":82,"advance":1,"planeBounds":{"left":-0.046875000000000028,"bottom":0.1796875,"right":1.046875,"top":0.8203125},"atlasBounds":{"left":136.5,"bottom":21.5,"right":206.5,"top":62.5}},{"unicode":83,"advance":1,"planeBounds":{"left":0.051750000000000011,"bottom":-0.1015625,"right":0.98925000000000007,"top":0.6640625},"atlasBounds":{"left":75.5,"bottom":13.5,"right":135.5,"top":62.5}},{"unicode":84,"advance":1,"planeBounds":{"left":-0.070312500000000014,"bottom":-0.2734375,"right":1.0703125,"top":0.8671875},"atlasBounds":{"left":284.5,"bottom":210.5,"right":357.5,"top":283.5}},{"unicode":86,"advance":1,"planeBounds":{"left":-0.0063125000000000091,"bottom":-0.2109375,"right":1.0093125000000001,"top":0.8203125},"atlasBounds":{"left":360.5,"bottom":69.5,"right":425.5,"top":135.5}},{"unicode":87,"advance":1,"planeBounds":{"left":-0.078125,"bottom":-0.2890625,"right":1.078125,"top":0.8828125},"atlasBounds":{"left":43.5,"bottom":360.5,"right":117.5,"top":435.5}}],"kerning":[]}
