{"atlas":{"type":"mtsdf","distanceRange":10,"distanceRangeMiddle":0,"size":64,"width":676,"height":676,"yOrigin":"bottom"},"metrics":{"emSize":1,"lineHeight":1.193359375,"ascender":0.9521484375,"descender":-0.2412109375,"underlineY":-0.18115234375,"underlineThickness":0.07080078125},"glyphs":[{"unicode":32,"advance":0.20263671875},{"unicode":33,"advance":0.28466796875,"planeBounds":{"left":-0.006103515625,"bottom":-0.0859375,"right":0.290771484375,"top":0.7890625},"atlasBounds":{"left":653.5,"bottom":496.5,"right":672.5,"top":552.5}},{"unicode":34,"advance":0.41552734375,"planeBounds":{"left":-0.01904296875,"bottom":0.3671875,"right":0.43408203125,"top":0.7890625},"atlasBounds":{"left":284.5,"bottom":0.5,"right":313.5,"top":27.5}},{"unicode":35,"advance":0.61376953125,"planeBounds":{"left":-0.083740234375,"bottom":-0.0859375,"right":0.697509765625,"top":0.7890625},"atlasBounds":{"left":130.5,"bottom":192.5,"right":180.5,"top":248.5}},{"unicode":36,"advance":0.6201171875,"planeBounds":{"left":-0.03369140625,"bottom":-0.1484375,"right":0.65380859375,"top":0.8671875},"atlasBounds":{"left":284.5,"bottom":28.5,"right":328.5,"top":93.5}},{"unicode":37,"advance":0.76171875,"planeBounds":{"left":-0.056640625,"bottom":-0.1015625,"right":0.818359375,"top":0.8046875},"atlasBounds":{"left":0.5,"bottom":54.5,"right":56.5,"top":112.5}},{"unicode":38,"advance":0.6806640625,"planeBounds":{"left":-0.042724609375,"bottom":-0.1015625,"right":0.769775390625,"top":0.8046875},"atlasBounds":{"left":130.5,"bottom":560.5,"right":182.5,"top":618.5}},{"unicode":39,"advance":0.21630859375,"planeBounds":{"left":-0.024658203125,"bottom":0.3671875,"right":0.240966796875,"top":0.7890625},"atlasBounds":{"left":503.5,"bottom":2.5,"right":520.5,"top":29.5}},{"unicode":40,"advance":0.34375,"planeBounds":{"left":0.012939453125,"bottom":-0.2421875,"right":0.403564453125,"top":0.7890625},"atlasBounds":{"left":572.5,"bottom":609.5,"right":597.5,"top":675.5}},{"unicode":41,"advance":0.34375,"planeBounds":{"left":-0.059814453125,"bottom":-0.2421875,"right":0.330810546875,"top":0.7890625},"atlasBounds":{"left":598.5,"bottom":609.5,"right":623.5,"top":675.5}},{"unicode":42,"advance":0.4833984375,"planeBounds":{"left":-0.02294921875,"bottom":0.2734375,"right":0.50830078125,"top":0.8203125},"atlasBounds":{"left":582.5,"bottom":214.5,"right":616.5,"top":249.5}},{"unicode":43,"advance":0.6201171875,"planeBounds":{"left":-0.02587890625,"bottom":-0.0703125,"right":0.64599609375,"top":0.6328125},"atlasBounds":{"left":330.5,"bottom":215.5,"right":373.5,"top":260.5}},{"unicode":44,"advance":0.2626953125,"planeBounds":{"left":-0.0380859375,"bottom":-0.2265625,"right":0.2744140625,"top":0.1953125},"atlasBounds":{"left":521.5,"bottom":2.5,"right":541.5,"top":29.5}},{"unicode":45,"advance":0.43359375,"planeBounds":{"left":-0.025390625,"bottom":0.1484375,"right":0.458984375,"top":0.4140625},"atlasBounds":{"left":130.5,"bottom":1.5,"right":161.5,"top":18.5}},{"unicode":46,"advance":0.2626953125,"planeBounds":{"left":-0.01708984375,"bottom":-0.0859375,"right":0.27978515625,"top":0.2109375},"atlasBounds":{"left":204.5,"bottom":1.5,"right":223.5,"top":20.5}},{"unicode":47,"advance":0.34375,"planeBounds":{"left":-0.078125,"bottom":-0.2421875,"right":0.421875,"top":0.7890625},"atlasBounds":{"left":624.5,"bottom":609.5,"right":656.5,"top":675.5}},{"unicode":48,"advance":0.62255859375,"planeBounds":{"left":-0.04052734375,"bottom":-0.1015625,"right":0.66259765625,"top":0.8046875},"atlasBounds":{"left":284.5,"bottom":501.5,"right":329.5,"top":559.5}},{"unicode":49,"advance":0.45654296875,"planeBounds":{"left":-0.033447265625,"bottom":-0.0859375,"right":0.419677734375,"top":0.7890625},"atlasBounds":{"left":621.5,"bottom":414.5,"right":650.5,"top":470.5}},{"unicode":50,"advance":0.5791015625,"planeBounds":{"left":-0.035400390625,"bottom":-0.0859375,"right":0.620849609375,"top":0.8046875},"atlasBounds":{"left":375.5,"bottom":384.5,"right":417.5,"top":441.5}},{"unicode":51,"advance":0.60546875,"planeBounds":{"left":-0.035888671875,"bottom":-0.1015625,"right":0.635986328125,"top":0.8046875},"atlasBounds":{"left":330.5,"bottom":156.5,"right":373.5,"top":214.5}},{"unicode":52,"advance":0.62060546875,"planeBounds":{"left":-0.045166015625,"bottom":-0.0859375,"right":0.673583984375,"top":0.7890625},"atlasBounds":{"left":235.5,"bottom":208.5,"right":281.5,"top":264.5}},{"unicode":53,"advance":0.599609375,"planeBounds":{"left":-0.024658203125,"bottom":-0.1015625,"right":0.647216796875,"top":0.7890625},"atlasBounds":{"left":330.5,"bottom":98.5,"right":373.5,"top":155.5}},{"unicode":54,"advance":0.61474609375,"planeBounds":{"left":-0.04150390625,"bottom":-0.1015625,"right":0.66162109375,"top":0.8046875},"atlasBounds":{"left":284.5,"bottom":442.5,"right":329.5,"top":500.5}},{"unicode":55,"advance":0.55615234375,"planeBounds":{"left":-0.04541015625,"bottom":-0.0859375,"right":0.59521484375,"top":0.7890625},"atlasBounds":{"left":418.5,"bottom":401.5,"right":459.5,"top":457.5}},{"unicode":56,"advance":0.6181640625,"planeBounds":{"left":-0.04248046875,"bottom":-0.1015625,"right":0.66064453125,"top":0.8046875},"atlasBounds":{"left":284.5,"bottom":383.5,"right":329.5,"top":441.5}},{"unicode":57,"advance":0.615234375,"planeBounds":{"left":-0.046630859375,"bottom":-0.1015625,"right":0.656494140625,"top":0.8046875},"atlasBounds":{"left":284.5,"bottom":324.5,"right":329.5,"top":382.5}},{"unicode":58,"advance":0.2626953125,"planeBounds":{"left":-0.01708984375,"bottom":-0.0859375,"right":0.27978515625,"top":0.5703125},"atlasBounds":{"left":184.5,"bottom":0.5,"right":203.5,"top":42.5}},{"unicode":59,"advance":0.2626953125,"planeBounds":{"left":-0.03759765625,"bottom":-0.2265625,"right":0.27490234375,"top":0.5703125},"atlasBounds":{"left":653.5,"bottom":553.5,"right":673.5,"top":604.5}},{"unicode":60,"advance":0.6201171875,"planeBounds":{"left":0.00537109375,"bottom":-0.0859375,"right":0.61474609375,"top":0.6640625},"atlasBounds":{"left":235.5,"bottom":0.5,"right":274.5,"top":48.5}},{"unicode":61,"advance":0.6201171875,"planeBounds":{"left":-0.01806640625,"bottom":0.0546875,"right":0.63818359375,"top":0.5078125},"atlasBounds":{"left":73.5,"bottom":0.5,"right":115.5,"top":29.5}},{"unicode":62,"advance":0.6201171875,"planeBounds":{"left":0.00537109375,"bottom":-0.0859375,"right":0.61474609375,"top":0.6640625},"atlasBounds":{"left":503.5,"bottom":452.5,"right":542.5,"top":500.5}},{"unicode":63,"advance":0.50537109375,"planeBounds":{"left":-0.05126953125,"bottom":-0.0859375,"right":0.54248046875,"top":0.7890625},"atlasBounds":{"left":543.5,"bottom":87.5,"right":581.5,"top":143.5}},{"unicode":64,"advance":0.8779296875,"planeBounds":{"left":-0.0400390625,"bottom":-0.1953125,"right":0.9287109375,"top":0.7890625},"atlasBounds":{"left":0.5,"bottom":373.5,"right":62.5,"top":436.5}},{"unicode":65,"advance":0.65234375,"planeBounds":{"left":-0.072265625,"bottom":-0.0859375,"right":0.724609375,"top":0.7890625},"atlasBounds":{"left":130.5,"bottom":436.5,"right":181.5,"top":492.5}},{"unicode":66,"advance":0.6171875,"planeBounds":{"left":-0.017333984375,"bottom":-0.0859375,"right":0.670166015625,"top":0.7890625},"atlasBounds":{"left":330.5,"bottom":489.5,"right":374.5,"top":545.5}},{"unicode":67,"advance":0.6953125,"planeBounds":{"left":-0.0400390625,"bottom":-0.1015625,"right":0.7412109375,"top":0.8046875},"atlasBounds":{"left":130.5,"bottom":133.5,"right":180.5,"top":191.5}},{"unicode":68,"advance":0.68603515625,"planeBounds":{"left":-0.01904296875,"bottom":-0.0859375,"right":0.73095703125,"top":0.7890625},"atlasBounds":{"left":184.5,"bottom":100.5,"right":232.5,"top":156.5}},{"unicode":69,"advance":0.5595703125,"planeBounds":{"left":-0.01611328125,"bottom":-0.0859375,"right":0.59326171875,"top":0.7890625},"atlasBounds":{"left":503.5,"bottom":177.5,"right":542.5,"top":233.5}},{"unicode":70,"advance":0.53515625,"planeBounds":{"left":-0.019775390625,"bottom":-0.0859375,"right":0.589599609375,"top":0.7890625},"atlasBounds":{"left":503.5,"bottom":75.5,"right":542.5,"top":131.5}},{"unicode":71,"advance":0.7138671875,"planeBounds":{"left":-0.042724609375,"bottom":-0.1015625,"right":0.754150390625,"top":0.8046875},"atlasBounds":{"left":130.5,"bottom":377.5,"right":181.5,"top":435.5}},{"unicode":72,"advance":0.7099609375,"planeBounds":{"left":-0.019775390625,"bottom":-0.0859375,"right":0.730224609375,"top":0.7890625},"atlasBounds":{"left":184.5,"bottom":43.5,"right":232.5,"top":99.5}},{"unicode":73,"advance":0.2392578125,"planeBounds":{"left":-0.01318359375,"bottom":-0.0859375,"right":0.25244140625,"top":0.7890625},"atlasBounds":{"left":653.5,"bottom":325.5,"right":670.5,"top":381.5}},{"unicode":74,"advance":0.517578125,"planeBounds":{"left":-0.06201171875,"bottom":-0.1015625,"right":0.53173828125,"top":0.7890625},"atlasBounds":{"left":543.5,"bottom":501.5,"right":581.5,"top":558.5}},{"unicode":75,"advance":0.63134765625,"planeBounds":{"left":-0.013671875,"bottom":-0.0859375,"right":0.705078125,"top":0.7890625},"atlasBounds":{"left":235.5,"bottom":94.5,"right":281.5,"top":150.5}},{"unicode":76,"advance":0.53125,"planeBounds":{"left":-0.01318359375,"bottom":-0.0859375,"right":0.58056640625,"top":0.7890625},"atlasBounds":{"left":543.5,"bottom":399.5,"right":581.5,"top":455.5}},{"unicode":77,"advance":0.8427734375,"planeBounds":{"left":-0.01611328125,"bottom":-0.0859375,"right":0.85888671875,"top":0.7890625},"atlasBounds":{"left":73.5,"bottom":619.5,"right":129.5,"top":675.5}},{"unicode":78,"advance":0.70458984375,"planeBounds":{"left":-0.014892578125,"bottom":-0.0859375,"right":0.719482421875,"top":0.7890625},"atlasBounds":{"left":235.5,"bottom":437.5,"right":282.5,"top":493.5}},{"unicode":79,"advance":0.73876953125,"planeBounds":{"left":-0.04443359375,"bottom":-0.1015625,"right":0.78369140625,"top":0.8046875},"atlasBounds":{"left":73.5,"bottom":335.5,"right":126.5,"top":393.5}},{"unicode":80,"advance":0.591796875,"planeBounds":{"left":-0.01513671875,"bottom":-0.0859375,"right":0.64111328125,"top":0.7890625},"atlasBounds":{"left":375.5,"bottom":213.5,"right":417.5,"top":269.5}},{"unicode":81,"advance":0.73876953125,"planeBounds":{"left":-0.04443359375,"bottom":-0.1640625,"right":0.78369140625,"top":0.8046875},"atlasBounds":{"left":73.5,"bottom":272.5,"right":126.5,"top":334.5}},{"unicode":82,"advance":0.61376953125,"planeBounds":{"left":-0.01416015625,"bottom":-0.0859375,"right":0.67333984375,"top":0.7890625},"atlasBounds":{"left":330.5,"bottom":432.5,"right":374.5,"top":488.5}},{"unicode":83,"advance":0.607421875,"planeBounds":{"left":-0.047607421875,"bottom":-0.1015625,"right":0.655517578125,"top":0.8046875},"atlasBounds":{"left":284.5,"bottom":208.5,"right":329.5,"top":266.5}},{"unicode":84,"advance":0.58837890625,"planeBounds":{"left":-0.057373046875,"bottom":-0.0859375,"right":0.645751953125,"top":0.7890625},"atlasBounds":{"left":284.5,"bottom":151.5,"right":329.5,"top":207.5}},{"unicode":85,"advance":0.7001953125,"planeBounds":{"left":-0.01708984375,"bottom":-0.1015625,"right":0.71728515625,"top":0.7890625},"atlasBounds":{"left":235.5,"bottom":379.5,"right":282.5,"top":436.5}},{"unicode":86,"advance":0.64794921875,"planeBounds":{"left":-0.066650390625,"bottom":-0.0859375,"right":0.714599609375,"top":0.7890625},"atlasBounds":{"left":130.5,"bottom":76.5,"right":180.5,"top":132.5}},{"unicode":87,"advance":0.93896484375,"planeBounds":{"left":-0.061767578125,"bottom":-0.0859375,"right":1.000732421875,"top":0.7890625},"atlasBounds":{"left":0.5,"bottom":562.5,"right":68.5,"top":618.5}},{"unicode":88,"advance":0.65283203125,"planeBounds":{"left":-0.064208984375,"bottom":-0.0859375,"right":0.717041015625,"top":0.7890625},"atlasBounds":{"left":130.5,"bottom":19.5,"right":180.5,"top":75.5}},{"unicode":89,"advance":0.63134765625,"planeBounds":{"left":-0.067138671875,"bottom":-0.0859375,"right":0.698486328125,"top":0.7890625},"atlasBounds":{"left":184.5,"bottom":373.5,"right":233.5,"top":429.5}},{"unicode":90,"advance":0.62158203125,"planeBounds":{"left":-0.03271484375,"bottom":-0.0859375,"right":0.65478515625,"top":0.7890625},"atlasBounds":{"left":330.5,"bottom":375.5,"right":374.5,"top":431.5}},{"unicode":91,"advance":0.34375,"planeBounds":{"left":0.021240234375,"bottom":-0.2421875,"right":0.411865234375,"top":0.7890625},"atlasBounds":{"left":621.5,"bottom":180.5,"right":646.5,"top":246.5}},{"unicode":92,"advance":0.34375,"planeBounds":{"left":-0.078125,"bottom":-0.2421875,"right":0.421875,"top":0.7890625},"atlasBounds":{"left":582.5,"bottom":147.5,"right":614.5,"top":213.5}},{"unicode":93,"advance":0.34375,"planeBounds":{"left":-0.068115234375,"bottom":-0.2421875,"right":0.322509765625,"top":0.7890625},"atlasBounds":{"left":621.5,"bottom":113.5,"right":646.5,"top":179.5}},{"unicode":94,"advance":0.4521484375,"planeBounds":{"left":-0.055419921875,"bottom":0.3046875,"right":0.507080078125,"top":0.7890625},"atlasBounds":{"left":543.5,"bottom":10.5,"right":579.5,"top":41.5}},{"unicode":95,"advance":0.4091796875,"planeBounds":{"left":-0.107666015625,"bottom":-0.2109375,"right":0.517333984375,"top":0.0390625},"atlasBounds":{"left":330.5,"bottom":2.5,"right":370.5,"top":18.5}},{"unicode":96,"advance":0.49169921875,"planeBounds":{"left":0.059326171875,"bottom":0.5390625,"right":0.434326171875,"top":0.8671875},"atlasBounds":{"left":204.5,"bottom":21.5,"right":228.5,"top":42.5}},{"unicode":97,"advance":0.51806640625,"planeBounds":{"left":-0.046875,"bottom":-0.1015625,"right":0.546875,"top":0.6015625},"atlasBounds":{"left":543.5,"bottom":295.5,"right":581.5,"top":340.5}},{"unicode":98,"advance":0.56982421875,"planeBounds":{"left":-0.022216796875,"bottom":-0.1015625,"right":0.618408203125,"top":0.7890625},"atlasBounds":{"left":418.5,"bottom":12.5,"right":459.5,"top":69.5}},{"unicode":99,"advance":0.5166015625,"planeBounds":{"left":-0.05078125,"bottom":-0.1015625,"right":0.57421875,"top":0.6015625},"atlasBounds":{"left":461.5,"bottom":248.5,"right":501.5,"top":293.5}},{"unicode":100,"advance":0.56884765625,"planeBounds":{"left":-0.049072265625,"bottom":-0.1015625,"right":0.591552734375,"top":0.7890625},"atlasBounds":{"left":418.5,"bottom":126.5,"right":459.5,"top":183.5}},{"unicode":101,"advance":0.52783203125,"planeBounds":{"left":-0.056396484375,"bottom":-0.1015625,"right":0.584228515625,"top":0.6015625},"atlasBounds":{"left":418.5,"bottom":184.5,"right":459.5,"top":229.5}},{"unicode":102,"advance":0.322265625,"planeBounds":{"left":-0.06591796875,"bottom":-0.0859375,"right":0.37158203125,"top":0.7890625},"atlasBounds":{"left":621.5,"bottom":300.5,"right":649.5,"top":356.5}},{"unicode":103,"advance":0.56494140625,"planeBounds":{"left":-0.049072265625,"bottom":-0.2734375,"right":0.591552734375,"top":0.6015625},"atlasBounds":{"left":418.5,"bottom":286.5,"right":459.5,"top":342.5}},{"unicode":104,"advance":0.55517578125,"planeBounds":{"left":-0.023681640625,"bottom":-0.0859375,"right":0.585693359375,"top":0.7890625},"atlasBounds":{"left":461.5,"bottom":9.5,"right":500.5,"top":65.5}},{"unicode":105,"advance":0.216796875,"planeBounds":{"left":-0.031982421875,"bottom":-0.0859375,"right":0.249267578125,"top":0.7890625},"atlasBounds":{"left":657.5,"bottom":619.5,"right":675.5,"top":675.5}},{"unicode":106,"advance":0.216796875,"planeBounds":{"left":-0.1103515625,"bottom":-0.2578125,"right":0.2490234375,"top":0.7890625},"atlasBounds":{"left":548.5,"bottom":608.5,"right":571.5,"top":675.5}},{"unicode":107,"advance":0.50439453125,"planeBounds":{"left":-0.025390625,"bottom":-0.0859375,"right":0.583984375,"top":0.7890625},"atlasBounds":{"left":503.5,"bottom":234.5,"right":542.5,"top":290.5}},{"unicode":108,"advance":0.2177734375,"planeBounds":{"left":-0.02392578125,"bottom":-0.0859375,"right":0.24169921875,"top":0.7890625},"atlasBounds":{"left":653.5,"bottom":382.5,"right":670.5,"top":438.5}},{"unicode":109,"advance":0.82470703125,"planeBounds":{"left":-0.031494140625,"bottom":-0.0859375,"right":0.859130859375,"top":0.6015625},"atlasBounds":{"left":0.5,"bottom":113.5,"right":57.5,"top":157.5}},{"unicode":110,"advance":0.54443359375,"planeBounds":{"left":-0.031005859375,"bottom":-0.0859375,"right":0.578369140625,"top":0.6015625},"atlasBounds":{"left":503.5,"bottom":407.5,"right":542.5,"top":451.5}},{"unicode":111,"advance":0.5458984375,"planeBounds":{"left":-0.05517578125,"bottom":-0.1015625,"right":0.60107421875,"top":0.6015625},"atlasBounds":{"left":375.5,"bottom":107.5,"right":417.5,"top":152.5}},{"unicode":112,"advance":0.56494140625,"planeBounds":{"left":-0.026123046875,"bottom":-0.2578125,"right":0.614501953125,"top":0.6015625},"atlasBounds":{"left":461.5,"bottom":549.5,"right":502.5,"top":604.5}},{"unicode":113,"advance":0.56494140625,"planeBounds":{"left":-0.049072265625,"bottom":-0.2578125,"right":0.591552734375,"top":0.6015625},"atlasBounds":{"left":418.5,"bottom":70.5,"right":459.5,"top":125.5}},{"unicode":114,"advance":0.328125,"planeBounds":{"left":-0.02734375,"bottom":-0.0859375,"right":0.39453125,"top":0.6015625},"atlasBounds":{"left":582.5,"bottom":4.5,"right":609.5,"top":48.5}},{"unicode":115,"advance":0.4833984375,"planeBounds":{"left":-0.05517578125,"bottom":-0.1015625,"right":0.53857421875,"top":0.6015625},"atlasBounds":{"left":582.5,"bottom":559.5,"right":620.5,"top":604.5}},{"unicode":116,"advance":0.32080078125,"planeBounds":{"left":-0.0712890625,"bottom":-0.0859375,"right":0.3662109375,"top":0.7265625},"atlasBounds":{"left":621.5,"bottom":247.5,"right":649.5,"top":299.5}},{"unicode":117,"advance":0.54443359375,"planeBounds":{"left":-0.033447265625,"bottom":-0.1015625,"right":0.575927734375,"top":0.6015625},"atlasBounds":{"left":461.5,"bottom":66.5,"right":500.5,"top":111.5}},{"unicode":118,"advance":0.4990234375,"planeBounds":{"left":-0.07080078125,"bottom":-0.0859375,"right":0.56982421875,"top":0.6015625},"atlasBounds":{"left":418.5,"bottom":458.5,"right":459.5,"top":502.5}},{"unicode":119,"advance":0.7421875,"planeBounds":{"left":-0.06640625,"bottom":-0.0859375,"right":0.80859375,"top":0.6015625},"atlasBounds":{"left":0.5,"bottom":9.5,"right":56.5,"top":53.5}},{"unicode":120,"advance":0.490234375,"planeBounds":{"left":-0.0673828125,"bottom":-0.0859375,"right":0.5576171875,"top":0.6015625},"atlasBounds":{"left":461.5,"bottom":157.5,"right":501.5,"top":201.5}},{"unicode":121,"advance":0.50634765625,"planeBounds":{"left":-0.074951171875,"bottom":-0.2734375,"right":0.581298828125,"top":0.6015625},"atlasBounds":{"left":375.5,"bottom":327.5,"right":417.5,"top":383.5}},{"unicode":122,"advance":0.4814453125,"planeBounds":{"left":-0.040771484375,"bottom":-0.0859375,"right":0.521728515625,"top":0.6015625},"atlasBounds":{"left":582.5,"bottom":250.5,"right":618.5,"top":294.5}},{"unicode":123,"advance":0.34375,"planeBounds":{"left":-0.0703125,"bottom":-0.2421875,"right":0.4140625,"top":0.7890625},"atlasBounds":{"left":621.5,"bottom":538.5,"right":652.5,"top":604.5}},{"unicode":124,"advance":0.34375,"planeBounds":{"left":0.046875,"bottom":-0.2421875,"right":0.296875,"top":0.7890625},"atlasBounds":{"left":653.5,"bottom":258.5,"right":669.5,"top":324.5}},{"unicode":125,"advance":0.34375,"planeBounds":{"left":-0.0703125,"bottom":-0.2421875,"right":0.4140625,"top":0.7890625},"atlasBounds":{"left":621.5,"bottom":471.5,"right":652.5,"top":537.5}},{"unicode":126,"advance":0.6201171875,"planeBounds":{"left":-0.025865659282073274,"bottom":0.1640625,"right":0.64600934071792671,"top":0.5390625},"atlasBounds":{"left":330.5,"bottom":19.5,"right":373.5,"top":43.5}},{"unicode":211,"advance":0.73876953125,"planeBounds":{"left":-0.04443359375,"bottom":-0.1015625,"right":0.78369140625,"top":0.9921875},"atlasBounds":{"left":73.5,"bottom":201.5,"right":126.5,"top":271.5}},{"unicode":243,"advance":0.5458984375,"planeBounds":{"left":-0.05517578125,"bottom":-0.1015625,"right":0.60107421875,"top":0.8203125},"atlasBounds":{"left":375.5,"bottom":153.5,"right":417.5,"top":212.5}},{"unicode":260,"advance":0.65234375,"planeBounds":{"left":-0.072509765625,"bottom":-0.3046875,"right":0.724365234375,"top":0.7890625},"atlasBounds":{"left":130.5,"bottom":306.5,"right":181.5,"top":376.5}},{"unicode":261,"advance":0.51806640625,"planeBounds":{"left":-0.046875,"bottom":-0.2890625,"right":0.546875,"top":0.6015625},"atlasBounds":{"left":543.5,"bottom":341.5,"right":581.5,"top":398.5}},{"unicode":262,"advance":0.6953125,"planeBounds":{"left":-0.0400390625,"bottom":-0.1015625,"right":0.7412109375,"top":0.9921875},"atlasBounds":{"left":184.5,"bottom":605.5,"right":234.5,"top":675.5}},{"unicode":263,"advance":0.5166015625,"planeBounds":{"left":-0.05078125,"bottom":-0.1015625,"right":0.57421875,"top":0.8203125},"atlasBounds":{"left":461.5,"bottom":431.5,"right":501.5,"top":490.5}},{"unicode":280,"advance":0.5595703125,"planeBounds":{"left":-0.01611328125,"bottom":-0.3046875,"right":0.59326171875,"top":0.7890625},"atlasBounds":{"left":235.5,"bottom":605.5,"right":274.5,"top":675.5}},{"unicode":281,"advance":0.52783203125,"planeBounds":{"left":-0.056396484375,"bottom":-0.2890625,"right":0.584228515625,"top":0.6015625},"atlasBounds":{"left":461.5,"bottom":491.5,"right":502.5,"top":548.5}},{"unicode":321,"advance":0.533203125,"planeBounds":{"left":-0.06982421875,"bottom":-0.0859375,"right":0.58642578125,"top":0.7890625},"atlasBounds":{"left":375.5,"bottom":50.5,"right":417.5,"top":106.5}},{"unicode":322,"advance":0.232421875,"planeBounds":{"left":-0.0712890625,"bottom":-0.0859375,"right":0.3037109375,"top":0.7890625},"atlasBounds":{"left":621.5,"bottom":56.5,"right":645.5,"top":112.5}},{"unicode":323,"advance":0.70458984375,"planeBounds":{"left":-0.014892578125,"bottom":-0.0859375,"right":0.719482421875,"top":0.9921875},"atlasBounds":{"left":321.5,"bottom":606.5,"right":368.5,"top":675.5}},{"unicode":324,"advance":0.54443359375,"planeBounds":{"left":-0.031005859375,"bottom":-0.0859375,"right":0.578369140625,"top":0.8203125},"atlasBounds":{"left":503.5,"bottom":546.5,"right":542.5,"top":604.5}},{"unicode":346,"advance":0.607421875,"planeBounds":{"left":-0.047607421875,"bottom":-0.1015625,"right":0.655517578125,"top":0.9921875},"atlasBounds":{"left":275.5,"bottom":605.5,"right":320.5,"top":675.5}},{"unicode":347,"advance":0.4833984375,"planeBounds":{"left":-0.05517578125,"bottom":-0.1015625,"right":0.53857421875,"top":0.8203125},"atlasBounds":{"left":543.5,"bottom":144.5,"right":581.5,"top":203.5}},{"unicode":377,"advance":0.62158203125,"planeBounds":{"left":-0.03271484375,"bottom":-0.0859375,"right":0.65478515625,"top":0.9921875},"atlasBounds":{"left":369.5,"bottom":606.5,"right":413.5,"top":675.5}},{"unicode":378,"advance":0.4814453125,"planeBounds":{"left":-0.040771484375,"bottom":-0.0859375,"right":0.521728515625,"top":0.8203125},"atlasBounds":{"left":582.5,"bottom":295.5,"right":618.5,"top":353.5}},{"unicode":379,"advance":0.62158203125,"planeBounds":{"left":-0.03271484375,"bottom":-0.0859375,"right":0.65478515625,"top":0.9765625},"atlasBounds":{"left":463.5,"bottom":607.5,"right":507.5,"top":675.5}},{"unicode":380,"advance":0.4814453125,"planeBounds":{"left":-0.040771484375,"bottom":-0.0859375,"right":0.521728515625,"top":0.8046875},"atlasBounds":{"left":582.5,"bottom":399.5,"right":618.5,"top":456.5}},{"unicode":1025,"advance":0.56982421875,"planeBounds":{"left":-0.01123046875,"bottom":-0.0859375,"right":0.59814453125,"top":0.9765625},"atlasBounds":{"left":508.5,"bottom":607.5,"right":547.5,"top":675.5}},{"unicode":1040,"advance":0.662109375,"planeBounds":{"left":-0.0673828125,"bottom":-0.0859375,"right":0.7294921875,"top":0.7890625},"atlasBounds":{"left":130.5,"bottom":249.5,"right":181.5,"top":305.5}},{"unicode":1041,"advance":0.62255859375,"planeBounds":{"left":-0.00830078125,"bottom":-0.0859375,"right":0.64794921875,"top":0.7890625},"atlasBounds":{"left":375.5,"bottom":548.5,"right":417.5,"top":604.5}},{"unicode":1042,"advance":0.626953125,"planeBounds":{"left":-0.012451171875,"bottom":-0.0859375,"right":0.675048828125,"top":0.7890625},"atlasBounds":{"left":330.5,"bottom":318.5,"right":374.5,"top":374.5}},{"unicode":1043,"advance":0.5322265625,"planeBounds":{"left":-0.01171875,"bottom":-0.0859375,"right":0.58203125,"top":0.7890625},"atlasBounds":{"left":582.5,"bottom":502.5,"right":620.5,"top":558.5}},{"unicode":1044,"advance":0.73681640625,"planeBounds":{"left":-0.0673828125,"bottom":-0.2265625,"right":0.7919921875,"top":0.7890625},"atlasBounds":{"left":73.5,"bottom":496.5,"right":128.5,"top":561.5}},{"unicode":1045,"advance":0.56982421875,"planeBounds":{"left":-0.01123046875,"bottom":-0.0859375,"right":0.59814453125,"top":0.7890625},"atlasBounds":{"left":503.5,"bottom":291.5,"right":542.5,"top":347.5}},{"unicode":1046,"advance":0.9775390625,"planeBounds":{"left":-0.07373046875,"bottom":-0.0859375,"right":1.05126953125,"top":0.7890625},"atlasBounds":{"left":0.5,"bottom":619.5,"right":72.5,"top":675.5}},{"unicode":1047,"advance":0.5966796875,"planeBounds":{"left":-0.04541015625,"bottom":-0.1015625,"right":0.64208984375,"top":0.8046875},"atlasBounds":{"left":330.5,"bottom":546.5,"right":374.5,"top":604.5}},{"unicode":1048,"advance":0.720703125,"planeBounds":{"left":-0.0146484375,"bottom":-0.0859375,"right":0.7353515625,"top":0.7890625},"atlasBounds":{"left":235.5,"bottom":548.5,"right":283.5,"top":604.5}},{"unicode":1049,"advance":0.720703125,"planeBounds":{"left":-0.0146484375,"bottom":-0.0859375,"right":0.7353515625,"top":0.9921875},"atlasBounds":{"left":414.5,"bottom":606.5,"right":462.5,"top":675.5}},{"unicode":1050,"advance":0.640625,"planeBounds":{"left":-0.009521484375,"bottom":-0.0859375,"right":0.709228515625,"top":0.7890625},"atlasBounds":{"left":235.5,"bottom":151.5,"right":281.5,"top":207.5}},{"unicode":1051,"advance":0.69287109375,"planeBounds":{"left":-0.0595703125,"bottom":-0.0859375,"right":0.7060546875,"top":0.7890625},"atlasBounds":{"left":184.5,"bottom":271.5,"right":233.5,"top":327.5}},{"unicode":1052,"advance":0.8525390625,"planeBounds":{"left":-0.01123046875,"bottom":-0.0859375,"right":0.86376953125,"top":0.7890625},"atlasBounds":{"left":73.5,"bottom":562.5,"right":129.5,"top":618.5}},{"unicode":1053,"advance":0.7197265625,"planeBounds":{"left":-0.014892578125,"bottom":-0.0859375,"right":0.735107421875,"top":0.7890625},"atlasBounds":{"left":184.5,"bottom":157.5,"right":232.5,"top":213.5}},{"unicode":1054,"advance":0.74853515625,"planeBounds":{"left":-0.03955078125,"bottom":-0.1015625,"right":0.78857421875,"top":0.8046875},"atlasBounds":{"left":73.5,"bottom":142.5,"right":126.5,"top":200.5}},{"unicode":1055,"advance":0.71044921875,"planeBounds":{"left":-0.01171875,"bottom":-0.0859375,"right":0.72265625,"top":0.7890625},"atlasBounds":{"left":235.5,"bottom":322.5,"right":282.5,"top":378.5}},{"unicode":1056,"advance":0.60302734375,"planeBounds":{"left":-0.01025390625,"bottom":-0.0859375,"right":0.64599609375,"top":0.7890625},"atlasBounds":{"left":418.5,"bottom":548.5,"right":460.5,"top":604.5}},{"unicode":1057,"advance":0.70361328125,"planeBounds":{"left":-0.0361328125,"bottom":-0.1015625,"right":0.7451171875,"top":0.8046875},"atlasBounds":{"left":184.5,"bottom":430.5,"right":234.5,"top":488.5}},{"unicode":1058,"advance":0.59814453125,"planeBounds":{"left":-0.052490234375,"bottom":-0.0859375,"right":0.650634765625,"top":0.7890625},"atlasBounds":{"left":284.5,"bottom":267.5,"right":329.5,"top":323.5}},{"unicode":1059,"advance":0.6162109375,"planeBounds":{"left":-0.06494140625,"bottom":-0.0859375,"right":0.68505859375,"top":0.7890625},"atlasBounds":{"left":184.5,"bottom":214.5,"right":232.5,"top":270.5}},{"unicode":1060,"advance":0.8173828125,"planeBounds":{"left":-0.044189453125,"bottom":-0.1015625,"right":0.862060546875,"top":0.8046875},"atlasBounds":{"left":0.5,"bottom":257.5,"right":58.5,"top":315.5}},{"unicode":1061,"advance":0.66259765625,"planeBounds":{"left":-0.059326171875,"bottom":-0.0859375,"right":0.721923828125,"top":0.7890625},"atlasBounds":{"left":184.5,"bottom":548.5,"right":234.5,"top":604.5}},{"unicode":1062,"advance":0.7548828125,"planeBounds":{"left":-0.0146484375,"bottom":-0.2265625,"right":0.8134765625,"top":0.7890625},"atlasBounds":{"left":73.5,"bottom":30.5,"right":126.5,"top":95.5}},{"unicode":1063,"advance":0.6796875,"planeBounds":{"left":-0.025390625,"bottom":-0.0859375,"right":0.693359375,"top":0.7890625},"atlasBounds":{"left":235.5,"bottom":265.5,"right":281.5,"top":321.5}},{"unicode":1064,"advance":0.93798828125,"planeBounds":{"left":-0.015380859375,"bottom":-0.0859375,"right":0.953369140625,"top":0.7890625},"atlasBounds":{"left":0.5,"bottom":316.5,"right":62.5,"top":372.5}},{"unicode":1065,"advance":0.98193359375,"planeBounds":{"left":-0.010498046875,"bottom":-0.2265625,"right":1.036376953125,"top":0.7890625},"atlasBounds":{"left":0.5,"bottom":496.5,"right":67.5,"top":561.5}},{"unicode":1066,"advance":0.73046875,"planeBounds":{"left":-0.052001953125,"bottom":-0.0859375,"right":0.776123046875,"top":0.7890625},"atlasBounds":{"left":130.5,"bottom":619.5,"right":183.5,"top":675.5}},{"unicode":1067,"advance":0.84130859375,"planeBounds":{"left":-0.009033203125,"bottom":-0.0859375,"right":0.850341796875,"top":0.7890625},"atlasBounds":{"left":73.5,"bottom":439.5,"right":128.5,"top":495.5}},{"unicode":1068,"advance":0.609375,"planeBounds":{"left":-0.013916015625,"bottom":-0.0859375,"right":0.657958984375,"top":0.7890625},"atlasBounds":{"left":330.5,"bottom":261.5,"right":373.5,"top":317.5}},{"unicode":1069,"advance":0.70361328125,"planeBounds":{"left":-0.04150390625,"bottom":-0.1015625,"right":0.73974609375,"top":0.8046875},"atlasBounds":{"left":184.5,"bottom":489.5,"right":234.5,"top":547.5}},{"unicode":1070,"advance":0.9892578125,"planeBounds":{"left":-0.015869140625,"bottom":-0.1015625,"right":1.031005859375,"top":0.8046875},"atlasBounds":{"left":0.5,"bottom":437.5,"right":67.5,"top":495.5}},{"unicode":1071,"advance":0.642578125,"planeBounds":{"left":-0.051513671875,"bottom":-0.0859375,"right":0.651611328125,"top":0.7890625},"atlasBounds":{"left":284.5,"bottom":94.5,"right":329.5,"top":150.5}},{"unicode":1072,"advance":0.52734375,"planeBounds":{"left":-0.0419921875,"bottom":-0.1015625,"right":0.5517578125,"top":0.6015625},"atlasBounds":{"left":543.5,"bottom":559.5,"right":581.5,"top":604.5}},{"unicode":1073,"advance":0.564453125,"planeBounds":{"left":-0.0439453125,"bottom":-0.1015625,"right":0.6123046875,"top":0.8203125},"atlasBounds":{"left":375.5,"bottom":442.5,"right":417.5,"top":501.5}},{"unicode":1074,"advance":0.51025390625,"planeBounds":{"left":-0.02392578125,"bottom":-0.0859375,"right":0.55419921875,"top":0.6015625},"atlasBounds":{"left":582.5,"bottom":457.5,"right":619.5,"top":501.5}},{"unicode":1075,"advance":0.4287109375,"planeBounds":{"left":-0.023193359375,"bottom":-0.0859375,"right":0.476806640625,"top":0.6015625},"atlasBounds":{"left":582.5,"bottom":102.5,"right":614.5,"top":146.5}},{"unicode":1076,"advance":0.59765625,"planeBounds":{"left":-0.071044921875,"bottom":-0.2265625,"right":0.663330078125,"top":0.6015625},"atlasBounds":{"left":235.5,"bottom":494.5,"right":282.5,"top":547.5}},{"unicode":1077,"advance":0.537109375,"planeBounds":{"left":-0.051513671875,"bottom":-0.1015625,"right":0.589111328125,"top":0.6015625},"atlasBounds":{"left":375.5,"bottom":4.5,"right":416.5,"top":49.5}},{"unicode":1078,"advance":0.767578125,"planeBounds":{"left":-0.0693359375,"bottom":-0.0859375,"right":0.8369140625,"top":0.6015625},"atlasBounds":{"left":0.5,"bottom":212.5,"right":58.5,"top":256.5}},{"unicode":1079,"advance":0.4873046875,"planeBounds":{"left":-0.05712890625,"bottom":-0.1015625,"right":0.53662109375,"top":0.6015625},"atlasBounds":{"left":543.5,"bottom":249.5,"right":581.5,"top":294.5}},{"unicode":1080,"advance":0.5625,"planeBounds":{"left":-0.0234375,"bottom":-0.0859375,"right":0.5859375,"top":0.6015625},"atlasBounds":{"left":503.5,"bottom":30.5,"right":542.5,"top":74.5}},{"unicode":1081,"advance":0.5625,"planeBounds":{"left":-0.0234375,"bottom":-0.0859375,"right":0.5859375,"top":0.8203125},"atlasBounds":{"left":503.5,"bottom":348.5,"right":542.5,"top":406.5}},{"unicode":1082,"advance":0.51025390625,"planeBounds":{"left":-0.025634765625,"bottom":-0.0859375,"right":0.583740234375,"top":0.6015625},"atlasBounds":{"left":503.5,"bottom":132.5,"right":542.5,"top":176.5}},{"unicode":1083,"advance":0.5458984375,"planeBounds":{"left":-0.068359375,"bottom":-0.0859375,"right":0.572265625,"top":0.6015625},"atlasBounds":{"left":418.5,"bottom":503.5,"right":459.5,"top":547.5}},{"unicode":1084,"advance":0.70849609375,"planeBounds":{"left":-0.0283203125,"bottom":-0.0859375,"right":0.7373046875,"top":0.6015625},"atlasBounds":{"left":184.5,"bottom":328.5,"right":233.5,"top":372.5}},{"unicode":1085,"advance":0.55615234375,"planeBounds":{"left":-0.02685546875,"bottom":-0.0859375,"right":0.58251953125,"top":0.6015625},"atlasBounds":{"left":503.5,"bottom":501.5,"right":542.5,"top":545.5}},{"unicode":1086,"advance":0.55517578125,"planeBounds":{"left":-0.05029296875,"bottom":-0.1015625,"right":0.60595703125,"top":0.6015625},"atlasBounds":{"left":375.5,"bottom":502.5,"right":417.5,"top":547.5}},{"unicode":1087,"advance":0.55126953125,"planeBounds":{"left":-0.029052734375,"bottom":-0.0859375,"right":0.580322265625,"top":0.6015625},"atlasBounds":{"left":461.5,"bottom":112.5,"right":500.5,"top":156.5}},{"unicode":1088,"advance":0.57470703125,"planeBounds":{"left":-0.021240234375,"bottom":-0.2578125,"right":0.619384765625,"top":0.6015625},"atlasBounds":{"left":418.5,"bottom":230.5,"right":459.5,"top":285.5}},{"unicode":1089,"advance":0.52392578125,"planeBounds":{"left":-0.047607421875,"bottom":-0.1015625,"right":0.577392578125,"top":0.6015625},"atlasBounds":{"left":461.5,"bottom":202.5,"right":501.5,"top":247.5}},{"unicode":1090,"advance":0.46728515625,"planeBounds":{"left":-0.063232421875,"bottom":-0.0859375,"right":0.530517578125,"top":0.6015625},"atlasBounds":{"left":543.5,"bottom":42.5,"right":581.5,"top":86.5}},{"unicode":1091,"advance":0.515625,"planeBounds":{"left":-0.070068359375,"bottom":-0.2734375,"right":0.586181640625,"top":0.6015625},"atlasBounds":{"left":375.5,"bottom":270.5,"right":417.5,"top":326.5}},{"unicode":1092,"advance":0.71044921875,"planeBounds":{"left":-0.051025390625,"bottom":-0.2578125,"right":0.761474609375,"top":0.7734375},"atlasBounds":{"left":130.5,"bottom":493.5,"right":182.5,"top":559.5}},{"unicode":1093,"advance":0.49951171875,"planeBounds":{"left":-0.0625,"bottom":-0.0859375,"right":0.5625,"top":0.6015625},"atlasBounds":{"left":461.5,"bottom":294.5,"right":501.5,"top":338.5}},{"unicode":1094,"advance":0.5859375,"planeBounds":{"left":-0.022216796875,"bottom":-0.2265625,"right":0.649658203125,"top":0.6015625},"atlasBounds":{"left":330.5,"bottom":44.5,"right":373.5,"top":97.5}},{"unicode":1095,"advance":0.52783203125,"planeBounds":{"left":-0.038818359375,"bottom":-0.0859375,"right":0.554931640625,"top":0.6015625},"atlasBounds":{"left":543.5,"bottom":204.5,"right":581.5,"top":248.5}},{"unicode":1096,"advance":0.77294921875,"planeBounds":{"left":-0.027587890625,"bottom":-0.0859375,"right":0.800537109375,"top":0.6015625},"atlasBounds":{"left":73.5,"bottom":394.5,"right":126.5,"top":438.5}},{"unicode":1097,"advance":0.81005859375,"planeBounds":{"left":-0.02734375,"bottom":-0.2265625,"right":0.87890625,"top":0.6015625},"atlasBounds":{"left":0.5,"bottom":158.5,"right":58.5,"top":211.5}},{"unicode":1098,"advance":0.58544921875,"planeBounds":{"left":-0.064453125,"bottom":-0.0859375,"right":0.638671875,"top":0.6015625},"atlasBounds":{"left":284.5,"bottom":560.5,"right":329.5,"top":604.5}},{"unicode":1099,"advance":0.67529296875,"planeBounds":{"left":-0.021728515625,"bottom":-0.0859375,"right":0.697021484375,"top":0.6015625},"atlasBounds":{"left":235.5,"bottom":49.5,"right":281.5,"top":93.5}},{"unicode":1100,"advance":0.48583984375,"planeBounds":{"left":-0.025390625,"bottom":-0.0859375,"right":0.537109375,"top":0.6015625},"atlasBounds":{"left":582.5,"bottom":354.5,"right":618.5,"top":398.5}},{"unicode":1101,"advance":0.52392578125,"planeBounds":{"left":-0.053466796875,"bottom":-0.1015625,"right":0.571533203125,"top":0.6015625},"atlasBounds":{"left":461.5,"bottom":385.5,"right":501.5,"top":430.5}},{"unicode":1102,"advance":0.759765625,"planeBounds":{"left":-0.02294921875,"bottom":-0.1015625,"right":0.80517578125,"top":0.6015625},"atlasBounds":{"left":73.5,"bottom":96.5,"right":126.5,"top":141.5}},{"unicode":1103,"advance":0.5048828125,"planeBounds":{"left":-0.061279296875,"bottom":-0.0859375,"right":0.532470703125,"top":0.6015625},"atlasBounds":{"left":543.5,"bottom":456.5,"right":581.5,"top":500.5}},{"unicode":1105,"advance":0.537109375,"planeBounds":{"left":-0.051513671875,"bottom":-0.1015625,"right":0.589111328125,"top":0.7890625},"atlasBounds":{"left":418.5,"bottom":343.5,"right":459.5,"top":400.5}},{"unicode":1108,"advance":0.52392578125,"planeBounds":{"left":-0.047607421875,"bottom":-0.1015625,"right":0.577392578125,"top":0.6015625},"atlasBounds":{"left":461.5,"bottom":339.5,"right":501.5,"top":384.5}},{"unicode":1110,"advance":0.2265625,"planeBounds":{"left":-0.027099609375,"bottom":-0.0859375,"right":0.254150390625,"top":0.7890625},"atlasBounds":{"left":653.5,"bottom":439.5,"right":671.5,"top":495.5}},{"unicode":1111,"advance":0.2265625,"planeBounds":{"left":-0.1044921875,"bottom":-0.0859375,"right":0.3330078125,"top":0.7890625},"atlasBounds":{"left":621.5,"bottom":357.5,"right":649.5,"top":413.5}},{"unicode":1169,"advance":0.4287109375,"planeBounds":{"left":-0.023193359375,"bottom":-0.0859375,"right":0.476806640625,"top":0.7265625},"atlasBounds":{"left":582.5,"bottom":49.5,"right":614.5,"top":101.5}}],"kerning":[]}
