{"atlas":{"type":"mtsdf","distanceRange":10,"distanceRangeMiddle":0,"size":64,"width":668,"height":668,"yOrigin":"bottom"},"metrics":{"emSize":1,"lineHeight":1.193359375,"ascender":0.9521484375,"descender":-0.2412109375,"underlineY":-0.1806640625,"underlineThickness":0.05859375},"glyphs":[{"unicode":32,"advance":0.205078125},{"unicode":33,"advance":0.2666015625,"planeBounds":{"left":-0.00732421875,"bottom":-0.0859375,"right":0.27392578125,"top":0.7890625},"atlasBounds":{"left":635.5,"bottom":515.5,"right":653.5,"top":571.5}},{"unicode":34,"advance":0.39404296875,"planeBounds":{"left":-0.013916015625,"bottom":0.3671875,"right":0.407958984375,"top":0.7890625},"atlasBounds":{"left":368.5,"bottom":5.5,"right":395.5,"top":32.5}},{"unicode":35,"advance":0.60107421875,"planeBounds":{"left":-0.082275390625,"bottom":-0.0859375,"right":0.683349609375,"top":0.7890625},"atlasBounds":{"left":128.5,"bottom":310.5,"right":177.5,"top":366.5}},{"unicode":36,"advance":0.60498046875,"planeBounds":{"left":-0.033447265625,"bottom":-0.1484375,"right":0.638427734375,"top":0.8671875},"atlasBounds":{"left":323.5,"bottom":463.5,"right":366.5,"top":528.5}},{"unicode":37,"advance":0.7314453125,"planeBounds":{"left":-0.055908203125,"bottom":-0.0859375,"right":0.787841796875,"top":0.8046875},"atlasBounds":{"left":72.5,"bottom":553.5,"right":126.5,"top":610.5}},{"unicode":38,"advance":0.6689453125,"planeBounds":{"left":-0.039794921875,"bottom":-0.1015625,"right":0.757080078125,"top":0.8046875},"atlasBounds":{"left":72.5,"bottom":62.5,"right":123.5,"top":120.5}},{"unicode":39,"advance":0.2099609375,"planeBounds":{"left":-0.01220703125,"bottom":0.3671875,"right":0.22216796875,"top":0.7890625},"atlasBounds":{"left":635.5,"bottom":131.5,"right":650.5,"top":158.5}},{"unicode":40,"advance":0.322265625,"planeBounds":{"left":0.01025390625,"bottom":-0.2421875,"right":0.38525390625,"top":0.7890625},"atlasBounds":{"left":606.5,"bottom":334.5,"right":630.5,"top":400.5}},{"unicode":41,"advance":0.322265625,"planeBounds":{"left":-0.06298828125,"bottom":-0.2421875,"right":0.31201171875,"top":0.7890625},"atlasBounds":{"left":606.5,"bottom":200.5,"right":630.5,"top":266.5}},{"unicode":42,"advance":0.482421875,"planeBounds":{"left":-0.015625,"bottom":0.2734375,"right":0.5,"top":0.8203125},"atlasBounds":{"left":569.5,"bottom":382.5,"right":602.5,"top":417.5}},{"unicode":43,"advance":0.60498046875,"planeBounds":{"left":-0.02587890625,"bottom":-0.0703125,"right":0.63037109375,"top":0.6171875},"atlasBounds":{"left":323.5,"bottom":85.5,"right":365.5,"top":129.5}},{"unicode":44,"advance":0.25390625,"planeBounds":{"left":-0.037109375,"bottom":-0.2265625,"right":0.259765625,"top":0.1953125},"atlasBounds":{"left":635.5,"bottom":572.5,"right":654.5,"top":599.5}},{"unicode":45,"advance":0.4287109375,"planeBounds":{"left":-0.02783203125,"bottom":0.1640625,"right":0.45654296875,"top":0.4140625},"atlasBounds":{"left":72.5,"bottom":1.5,"right":103.5,"top":17.5}},{"unicode":46,"advance":0.25390625,"planeBounds":{"left":-0.013671875,"bottom":-0.0859375,"right":0.267578125,"top":0.1953125},"atlasBounds":{"left":635.5,"bottom":454.5,"right":653.5,"top":472.5}},{"unicode":47,"advance":0.322265625,"planeBounds":{"left":-0.0810546875,"bottom":-0.2421875,"right":0.4033203125,"top":0.7890625},"atlasBounds":{"left":569.5,"bottom":204.5,"right":600.5,"top":270.5}},{"unicode":48,"advance":0.6064453125,"planeBounds":{"left":-0.04052734375,"bottom":-0.1015625,"right":0.64697265625,"top":0.8046875},"atlasBounds":{"left":277.5,"bottom":438.5,"right":321.5,"top":496.5}},{"unicode":49,"advance":0.443359375,"planeBounds":{"left":-0.03369140625,"bottom":-0.0859375,"right":0.40380859375,"top":0.7890625},"atlasBounds":{"left":606.5,"bottom":611.5,"right":634.5,"top":667.5}},{"unicode":50,"advance":0.56591796875,"planeBounds":{"left":-0.032958984375,"bottom":-0.0859375,"right":0.607666015625,"top":0.8046875},"atlasBounds":{"left":368.5,"bottom":385.5,"right":409.5,"top":442.5}},{"unicode":51,"advance":0.591796875,"planeBounds":{"left":-0.034912109375,"bottom":-0.1015625,"right":0.621337890625,"top":0.8046875},"atlasBounds":{"left":323.5,"bottom":26.5,"right":365.5,"top":84.5}},{"unicode":52,"advance":0.60498046875,"planeBounds":{"left":-0.044189453125,"bottom":-0.0859375,"right":0.658935546875,"top":0.7890625},"atlasBounds":{"left":230.5,"bottom":132.5,"right":275.5,"top":188.5}},{"unicode":53,"advance":0.5849609375,"planeBounds":{"left":-0.024169921875,"bottom":-0.1015625,"right":0.632080078125,"top":0.7890625},"atlasBounds":{"left":368.5,"bottom":610.5,"right":410.5,"top":667.5}},{"unicode":54,"advance":0.5986328125,"planeBounds":{"left":-0.040771484375,"bottom":-0.1015625,"right":0.646728515625,"top":0.8046875},"atlasBounds":{"left":277.5,"bottom":379.5,"right":321.5,"top":437.5}},{"unicode":55,"advance":0.546875,"planeBounds":{"left":-0.042236328125,"bottom":-0.0859375,"right":0.582763671875,"top":0.7890625},"atlasBounds":{"left":411.5,"bottom":611.5,"right":451.5,"top":667.5}},{"unicode":56,"advance":0.59912109375,"planeBounds":{"left":-0.036376953125,"bottom":-0.1015625,"right":0.635498046875,"top":0.8046875},"atlasBounds":{"left":323.5,"bottom":404.5,"right":366.5,"top":462.5}},{"unicode":57,"advance":0.5986328125,"planeBounds":{"left":-0.048095703125,"bottom":-0.1015625,"right":0.639404296875,"top":0.8046875},"atlasBounds":{"left":277.5,"bottom":320.5,"right":321.5,"top":378.5}},{"unicode":58,"advance":0.25390625,"planeBounds":{"left":-0.013671875,"bottom":-0.0859375,"right":0.267578125,"top":0.5546875},"atlasBounds":{"left":635.5,"bottom":473.5,"right":653.5,"top":514.5}},{"unicode":59,"advance":0.25390625,"planeBounds":{"left":-0.035888671875,"bottom":-0.2265625,"right":0.260986328125,"top":0.5546875},"atlasBounds":{"left":606.5,"bottom":3.5,"right":625.5,"top":53.5}},{"unicode":60,"advance":0.60498046875,"planeBounds":{"left":0.005615234375,"bottom":-0.0859375,"right":0.599365234375,"top":0.6484375},"atlasBounds":{"left":180.5,"bottom":2.5,"right":218.5,"top":49.5}},{"unicode":61,"advance":0.60498046875,"planeBounds":{"left":-0.017822265625,"bottom":0.0546875,"right":0.622802734375,"top":0.4921875},"atlasBounds":{"left":368.5,"bottom":356.5,"right":409.5,"top":384.5}},{"unicode":62,"advance":0.60498046875,"planeBounds":{"left":0.005615234375,"bottom":-0.0859375,"right":0.599365234375,"top":0.6484375},"atlasBounds":{"left":492.5,"bottom":620.5,"right":530.5,"top":667.5}},{"unicode":63,"advance":0.4892578125,"planeBounds":{"left":-0.0517578125,"bottom":-0.0859375,"right":0.5263671875,"top":0.7890625},"atlasBounds":{"left":492.5,"bottom":0.5,"right":529.5,"top":56.5}},{"unicode":64,"advance":0.87451171875,"planeBounds":{"left":-0.03125,"bottom":-0.1953125,"right":0.921875,"top":0.7890625},"atlasBounds":{"left":0.5,"bottom":365.5,"right":61.5,"top":428.5}},{"unicode":65,"advance":0.630859375,"planeBounds":{"left":-0.0673828125,"bottom":-0.0859375,"right":0.6982421875,"top":0.7890625},"atlasBounds":{"left":128.5,"bottom":253.5,"right":177.5,"top":309.5}},{"unicode":66,"advance":0.6044921875,"planeBounds":{"left":-0.01513671875,"bottom":-0.0859375,"right":0.65673828125,"top":0.7890625},"atlasBounds":{"left":323.5,"bottom":347.5,"right":366.5,"top":403.5}},{"unicode":67,"advance":0.68603515625,"planeBounds":{"left":-0.044677734375,"bottom":-0.1015625,"right":0.736572265625,"top":0.8046875},"atlasBounds":{"left":128.5,"bottom":497.5,"right":178.5,"top":555.5}},{"unicode":68,"advance":0.67822265625,"planeBounds":{"left":-0.01416015625,"bottom":-0.0859375,"right":0.72021484375,"top":0.7890625},"atlasBounds":{"left":180.5,"bottom":208.5,"right":227.5,"top":264.5}},{"unicode":69,"advance":0.55224609375,"planeBounds":{"left":-0.01025390625,"bottom":-0.0859375,"right":0.58349609375,"top":0.7890625},"atlasBounds":{"left":492.5,"bottom":494.5,"right":530.5,"top":550.5}},{"unicode":70,"advance":0.52783203125,"planeBounds":{"left":-0.0146484375,"bottom":-0.0859375,"right":0.5791015625,"top":0.7890625},"atlasBounds":{"left":492.5,"bottom":437.5,"right":530.5,"top":493.5}},{"unicode":71,"advance":0.70654296875,"planeBounds":{"left":-0.038818359375,"bottom":-0.1015625,"right":0.742431640625,"top":0.8046875},"atlasBounds":{"left":128.5,"bottom":438.5,"right":178.5,"top":496.5}},{"unicode":72,"advance":0.69921875,"planeBounds":{"left":-0.009765625,"bottom":-0.0859375,"right":0.708984375,"top":0.7890625},"atlasBounds":{"left":180.5,"bottom":50.5,"right":226.5,"top":106.5}},{"unicode":73,"advance":0.224609375,"planeBounds":{"left":-0.0126953125,"bottom":-0.0859375,"right":0.2373046875,"top":0.7890625},"atlasBounds":{"left":635.5,"bottom":226.5,"right":651.5,"top":282.5}},{"unicode":74,"advance":0.4951171875,"planeBounds":{"left":-0.0576171875,"bottom":-0.1015625,"right":0.5048828125,"top":0.7890625},"atlasBounds":{"left":531.5,"bottom":18.5,"right":567.5,"top":75.5}},{"unicode":75,"advance":0.615234375,"planeBounds":{"left":-0.012939453125,"bottom":-0.0859375,"right":0.690185546875,"top":0.7890625},"atlasBounds":{"left":230.5,"bottom":18.5,"right":275.5,"top":74.5}},{"unicode":76,"advance":0.5244140625,"planeBounds":{"left":-0.0146484375,"bottom":-0.0859375,"right":0.5791015625,"top":0.7890625},"atlasBounds":{"left":492.5,"bottom":336.5,"right":530.5,"top":392.5}},{"unicode":77,"advance":0.8310546875,"planeBounds":{"left":-0.01416015625,"bottom":-0.0859375,"right":0.84521484375,"top":0.7890625},"atlasBounds":{"left":0.5,"bottom":95.5,"right":55.5,"top":151.5}},{"unicode":78,"advance":0.69921875,"planeBounds":{"left":-0.009765625,"bottom":-0.0859375,"right":0.708984375,"top":0.7890625},"atlasBounds":{"left":230.5,"bottom":611.5,"right":276.5,"top":667.5}},{"unicode":79,"advance":0.7314453125,"planeBounds":{"left":-0.04052734375,"bottom":-0.1015625,"right":0.77197265625,"top":0.8046875},"atlasBounds":{"left":72.5,"bottom":371.5,"right":124.5,"top":429.5}},{"unicode":80,"advance":0.57763671875,"planeBounds":{"left":-0.013427734375,"bottom":-0.0859375,"right":0.627197265625,"top":0.7890625},"atlasBounds":{"left":368.5,"bottom":253.5,"right":409.5,"top":309.5}},{"unicode":81,"advance":0.7314453125,"planeBounds":{"left":-0.04052734375,"bottom":-0.1640625,"right":0.77197265625,"top":0.8046875},"atlasBounds":{"left":72.5,"bottom":308.5,"right":124.5,"top":370.5}},{"unicode":82,"advance":0.59912109375,"planeBounds":{"left":-0.012451171875,"bottom":-0.0859375,"right":0.659423828125,"top":0.7890625},"atlasBounds":{"left":323.5,"bottom":290.5,"right":366.5,"top":346.5}},{"unicode":83,"advance":0.59375,"planeBounds":{"left":-0.046630859375,"bottom":-0.1015625,"right":0.640869140625,"top":0.8046875},"atlasBounds":{"left":277.5,"bottom":217.5,"right":321.5,"top":275.5}},{"unicode":84,"advance":0.5810546875,"planeBounds":{"left":-0.06103515625,"bottom":-0.0859375,"right":0.64208984375,"top":0.7890625},"atlasBounds":{"left":277.5,"bottom":611.5,"right":322.5,"top":667.5}},{"unicode":85,"advance":0.6962890625,"planeBounds":{"left":-0.01123046875,"bottom":-0.1015625,"right":0.70751953125,"top":0.7890625},"atlasBounds":{"left":230.5,"bottom":553.5,"right":276.5,"top":610.5}},{"unicode":86,"advance":0.630859375,"planeBounds":{"left":-0.0673828125,"bottom":-0.0859375,"right":0.6982421875,"top":0.7890625},"atlasBounds":{"left":128.5,"bottom":130.5,"right":177.5,"top":186.5}},{"unicode":87,"advance":0.923828125,"planeBounds":{"left":-0.0615234375,"bottom":-0.0859375,"right":0.9853515625,"top":0.7890625},"atlasBounds":{"left":0.5,"bottom":554.5,"right":67.5,"top":610.5}},{"unicode":88,"advance":0.634765625,"planeBounds":{"left":-0.0576171875,"bottom":-0.0859375,"right":0.6923828125,"top":0.7890625},"atlasBounds":{"left":180.5,"bottom":436.5,"right":228.5,"top":492.5}},{"unicode":89,"advance":0.6123046875,"planeBounds":{"left":-0.06884765625,"bottom":-0.0859375,"right":0.68115234375,"top":0.7890625},"atlasBounds":{"left":180.5,"bottom":379.5,"right":228.5,"top":435.5}},{"unicode":90,"advance":0.61669921875,"planeBounds":{"left":-0.035400390625,"bottom":-0.0859375,"right":0.652099609375,"top":0.7890625},"atlasBounds":{"left":277.5,"bottom":103.5,"right":321.5,"top":159.5}},{"unicode":91,"advance":0.322265625,"planeBounds":{"left":0.01904296875,"bottom":-0.2421875,"right":0.39404296875,"top":0.7890625},"atlasBounds":{"left":606.5,"bottom":267.5,"right":630.5,"top":333.5}},{"unicode":92,"advance":0.322265625,"planeBounds":{"left":-0.0810546875,"bottom":-0.2421875,"right":0.4033203125,"top":0.7890625},"atlasBounds":{"left":569.5,"bottom":315.5,"right":600.5,"top":381.5}},{"unicode":93,"advance":0.322265625,"planeBounds":{"left":-0.07177734375,"bottom":-0.2421875,"right":0.30322265625,"top":0.7890625},"atlasBounds":{"left":606.5,"bottom":133.5,"right":630.5,"top":199.5}},{"unicode":94,"advance":0.4375,"planeBounds":{"left":-0.0546875,"bottom":0.3203125,"right":0.4921875,"top":0.7890625},"atlasBounds":{"left":277.5,"bottom":1.5,"right":312.5,"top":31.5}},{"unicode":95,"advance":0.404296875,"planeBounds":{"left":-0.1103515625,"bottom":-0.1953125,"right":0.5146484375,"top":0.0390625},"atlasBounds":{"left":230.5,"bottom":2.5,"right":270.5,"top":17.5}},{"unicode":96,"advance":0.49072265625,"planeBounds":{"left":0.06689453125,"bottom":0.5390625,"right":0.42626953125,"top":0.8671875},"atlasBounds":{"left":606.5,"bottom":54.5,"right":629.5,"top":75.5}},{"unicode":97,"advance":0.501953125,"planeBounds":{"left":-0.047119140625,"bottom":-0.1015625,"right":0.531005859375,"top":0.6015625},"atlasBounds":{"left":492.5,"bottom":57.5,"right":529.5,"top":102.5}},{"unicode":98,"advance":0.55419921875,"planeBounds":{"left":-0.02099609375,"bottom":-0.1015625,"right":0.60400390625,"top":0.7890625},"atlasBounds":{"left":411.5,"bottom":185.5,"right":451.5,"top":242.5}},{"unicode":99,"advance":0.5009765625,"planeBounds":{"left":-0.050537109375,"bottom":-0.1015625,"right":0.558837890625,"top":0.6015625},"atlasBounds":{"left":452.5,"bottom":217.5,"right":491.5,"top":262.5}},{"unicode":100,"advance":0.5537109375,"planeBounds":{"left":-0.05029296875,"bottom":-0.1015625,"right":0.57470703125,"top":0.7890625},"atlasBounds":{"left":411.5,"bottom":127.5,"right":451.5,"top":184.5}},{"unicode":101,"advance":0.51220703125,"planeBounds":{"left":-0.048583984375,"bottom":-0.1015625,"right":0.560791015625,"top":0.6015625},"atlasBounds":{"left":452.5,"bottom":309.5,"right":491.5,"top":354.5}},{"unicode":102,"advance":0.3037109375,"planeBounds":{"left":-0.068359375,"bottom":-0.0859375,"right":0.353515625,"top":0.7890625},"atlasBounds":{"left":606.5,"bottom":446.5,"right":633.5,"top":502.5}},{"unicode":103,"advance":0.54931640625,"planeBounds":{"left":-0.05029296875,"bottom":-0.2734375,"right":0.57470703125,"top":0.6015625},"atlasBounds":{"left":411.5,"bottom":70.5,"right":451.5,"top":126.5}},{"unicode":104,"advance":0.5390625,"planeBounds":{"left":-0.02392578125,"bottom":-0.0859375,"right":0.56982421875,"top":0.7890625},"atlasBounds":{"left":452.5,"bottom":59.5,"right":490.5,"top":115.5}},{"unicode":105,"advance":0.2041015625,"planeBounds":{"left":-0.030517578125,"bottom":-0.0859375,"right":0.235107421875,"top":0.7890625},"atlasBounds":{"left":635.5,"bottom":397.5,"right":652.5,"top":453.5}},{"unicode":106,"advance":0.2041015625,"planeBounds":{"left":-0.108642578125,"bottom":-0.2578125,"right":0.235107421875,"top":0.7890625},"atlasBounds":{"left":635.5,"bottom":600.5,"right":657.5,"top":667.5}},{"unicode":107,"advance":0.4853515625,"planeBounds":{"left":-0.019775390625,"bottom":-0.0859375,"right":0.558349609375,"top":0.7890625},"atlasBounds":{"left":492.5,"bottom":103.5,"right":529.5,"top":159.5}},{"unicode":108,"advance":0.2041015625,"planeBounds":{"left":-0.02294921875,"bottom":-0.0859375,"right":0.22705078125,"top":0.7890625},"atlasBounds":{"left":635.5,"bottom":283.5,"right":651.5,"top":339.5}},{"unicode":109,"advance":0.80322265625,"planeBounds":{"left":-0.02685546875,"bottom":-0.0859375,"right":0.83251953125,"top":0.6015625},"atlasBounds":{"left":0.5,"bottom":50.5,"right":55.5,"top":94.5}},{"unicode":110,"advance":0.52685546875,"planeBounds":{"left":-0.0244140625,"bottom":-0.0859375,"right":0.5537109375,"top":0.6015625},"atlasBounds":{"left":531.5,"bottom":358.5,"right":568.5,"top":402.5}},{"unicode":111,"advance":0.53076171875,"planeBounds":{"left":-0.054931640625,"bottom":-0.1015625,"right":0.585693359375,"top":0.6015625},"atlasBounds":{"left":368.5,"bottom":33.5,"right":409.5,"top":78.5}},{"unicode":112,"advance":0.54931640625,"planeBounds":{"left":-0.025390625,"bottom":-0.2578125,"right":0.599609375,"top":0.6015625},"atlasBounds":{"left":411.5,"bottom":243.5,"right":451.5,"top":298.5}},{"unicode":113,"advance":0.54931640625,"planeBounds":{"left":-0.05029296875,"bottom":-0.2578125,"right":0.57470703125,"top":0.6015625},"atlasBounds":{"left":411.5,"bottom":299.5,"right":451.5,"top":354.5}},{"unicode":114,"advance":0.30810546875,"planeBounds":{"left":-0.0283203125,"bottom":-0.0859375,"right":0.3779296875,"top":0.6015625},"atlasBounds":{"left":606.5,"bottom":401.5,"right":632.5,"top":445.5}},{"unicode":115,"advance":0.46533203125,"planeBounds":{"left":-0.048583984375,"bottom":-0.1015625,"right":0.513916015625,"top":0.6015625},"atlasBounds":{"left":569.5,"bottom":622.5,"right":605.5,"top":667.5}},{"unicode":116,"advance":0.30126953125,"planeBounds":{"left":-0.074462890625,"bottom":-0.0859375,"right":0.347412109375,"top":0.7109375},"atlasBounds":{"left":606.5,"bottom":559.5,"right":633.5,"top":610.5}},{"unicode":117,"advance":0.52685546875,"planeBounds":{"left":-0.026611328125,"bottom":-0.1015625,"right":0.551513671875,"top":0.5859375},"atlasBounds":{"left":531.5,"bottom":564.5,"right":568.5,"top":608.5}},{"unicode":118,"advance":0.48291015625,"planeBounds":{"left":-0.071044921875,"bottom":-0.0859375,"right":0.553955078125,"top":0.5859375},"atlasBounds":{"left":411.5,"bottom":567.5,"right":451.5,"top":610.5}},{"unicode":119,"advance":0.71533203125,"planeBounds":{"left":-0.064453125,"bottom":-0.0859375,"right":0.779296875,"top":0.5859375},"atlasBounds":{"left":0.5,"bottom":6.5,"right":54.5,"top":49.5}},{"unicode":120,"advance":0.46923828125,"planeBounds":{"left":-0.062255859375,"bottom":-0.0859375,"right":0.531494140625,"top":0.5859375},"atlasBounds":{"left":492.5,"bottom":393.5,"right":530.5,"top":436.5}},{"unicode":121,"advance":0.48583984375,"planeBounds":{"left":-0.06982421875,"bottom":-0.2734375,"right":0.55517578125,"top":0.5859375},"atlasBounds":{"left":411.5,"bottom":355.5,"right":451.5,"top":410.5}},{"unicode":122,"advance":0.4677734375,"planeBounds":{"left":-0.03955078125,"bottom":-0.0859375,"right":0.50732421875,"top":0.5859375},"atlasBounds":{"left":569.5,"bottom":462.5,"right":604.5,"top":505.5}},{"unicode":123,"advance":0.322265625,"planeBounds":{"left":-0.0732421875,"bottom":-0.2421875,"right":0.3955078125,"top":0.7890625},"atlasBounds":{"left":569.5,"bottom":17.5,"right":599.5,"top":83.5}},{"unicode":124,"advance":0.322265625,"planeBounds":{"left":0.0439453125,"bottom":-0.2421875,"right":0.2783203125,"top":0.7890625},"atlasBounds":{"left":635.5,"bottom":159.5,"right":650.5,"top":225.5}},{"unicode":125,"advance":0.322265625,"planeBounds":{"left":-0.0732421875,"bottom":-0.2421875,"right":0.3955078125,"top":0.7890625},"atlasBounds":{"left":569.5,"bottom":84.5,"right":599.5,"top":150.5}},{"unicode":126,"advance":0.60498046875,"planeBounds":{"left":-0.02563475215136541,"bottom":0.1640625,"right":0.63061524784863454,"top":0.5234375},"atlasBounds":{"left":323.5,"bottom":2.5,"right":365.5,"top":25.5}},{"unicode":211,"advance":0.7314453125,"planeBounds":{"left":-0.04052734375,"bottom":-0.1015625,"right":0.77197265625,"top":0.9921875},"atlasBounds":{"left":72.5,"bottom":237.5,"right":124.5,"top":307.5}},{"unicode":243,"advance":0.53076171875,"planeBounds":{"left":-0.054931640625,"bottom":-0.1015625,"right":0.585693359375,"top":0.8203125},"atlasBounds":{"left":128.5,"bottom":0.5,"right":169.5,"top":59.5}},{"unicode":260,"advance":0.630859375,"planeBounds":{"left":-0.067626953125,"bottom":-0.2890625,"right":0.697998046875,"top":0.7890625},"atlasBounds":{"left":128.5,"bottom":60.5,"right":177.5,"top":129.5}},{"unicode":261,"advance":0.501953125,"planeBounds":{"left":-0.047119140625,"bottom":-0.2890625,"right":0.531005859375,"top":0.6015625},"atlasBounds":{"left":531.5,"bottom":506.5,"right":568.5,"top":563.5}},{"unicode":262,"advance":0.68603515625,"planeBounds":{"left":-0.044677734375,"bottom":-0.1015625,"right":0.736572265625,"top":0.9921875},"atlasBounds":{"left":128.5,"bottom":367.5,"right":178.5,"top":437.5}},{"unicode":263,"advance":0.5009765625,"planeBounds":{"left":-0.050537109375,"bottom":-0.1015625,"right":0.558837890625,"top":0.8203125},"atlasBounds":{"left":452.5,"bottom":504.5,"right":491.5,"top":563.5}},{"unicode":280,"advance":0.55224609375,"planeBounds":{"left":-0.01025390625,"bottom":-0.2890625,"right":0.58349609375,"top":0.7890625},"atlasBounds":{"left":411.5,"bottom":0.5,"right":449.5,"top":69.5}},{"unicode":281,"advance":0.51220703125,"planeBounds":{"left":-0.048583984375,"bottom":-0.2890625,"right":0.560791015625,"top":0.6015625},"atlasBounds":{"left":452.5,"bottom":610.5,"right":491.5,"top":667.5}},{"unicode":321,"advance":0.5244140625,"planeBounds":{"left":-0.07568359375,"bottom":-0.0859375,"right":0.58056640625,"top":0.7890625},"atlasBounds":{"left":368.5,"bottom":443.5,"right":410.5,"top":499.5}},{"unicode":322,"advance":0.216796875,"planeBounds":{"left":-0.0712890625,"bottom":-0.0859375,"right":0.2880859375,"top":0.7890625},"atlasBounds":{"left":606.5,"bottom":76.5,"right":629.5,"top":132.5}},{"unicode":323,"advance":0.69921875,"planeBounds":{"left":-0.009765625,"bottom":-0.0859375,"right":0.708984375,"top":0.9921875},"atlasBounds":{"left":230.5,"bottom":430.5,"right":276.5,"top":499.5}},{"unicode":324,"advance":0.52685546875,"planeBounds":{"left":-0.0244140625,"bottom":-0.0859375,"right":0.5537109375,"top":0.8203125},"atlasBounds":{"left":531.5,"bottom":609.5,"right":568.5,"top":667.5}},{"unicode":346,"advance":0.59375,"planeBounds":{"left":-0.046630859375,"bottom":-0.1015625,"right":0.640869140625,"top":0.9921875},"atlasBounds":{"left":277.5,"bottom":32.5,"right":321.5,"top":102.5}},{"unicode":347,"advance":0.46533203125,"planeBounds":{"left":-0.048583984375,"bottom":-0.1015625,"right":0.513916015625,"top":0.8203125},"atlasBounds":{"left":531.5,"bottom":76.5,"right":567.5,"top":135.5}},{"unicode":377,"advance":0.61669921875,"planeBounds":{"left":-0.035400390625,"bottom":-0.0859375,"right":0.652099609375,"top":0.9921875},"atlasBounds":{"left":323.5,"bottom":598.5,"right":367.5,"top":667.5}},{"unicode":378,"advance":0.4677734375,"planeBounds":{"left":-0.03955078125,"bottom":-0.0859375,"right":0.50732421875,"top":0.8203125},"atlasBounds":{"left":569.5,"bottom":563.5,"right":604.5,"top":621.5}},{"unicode":379,"advance":0.61669921875,"planeBounds":{"left":-0.035400390625,"bottom":-0.0859375,"right":0.652099609375,"top":0.9765625},"atlasBounds":{"left":323.5,"bottom":529.5,"right":367.5,"top":597.5}},{"unicode":380,"advance":0.4677734375,"planeBounds":{"left":-0.03955078125,"bottom":-0.0859375,"right":0.50732421875,"top":0.7890625},"atlasBounds":{"left":569.5,"bottom":506.5,"right":604.5,"top":562.5}},{"unicode":1025,"advance":0.56201171875,"planeBounds":{"left":-0.00537109375,"bottom":-0.0859375,"right":0.58837890625,"top":0.9765625},"atlasBounds":{"left":492.5,"bottom":551.5,"right":530.5,"top":619.5}},{"unicode":1040,"advance":0.640625,"planeBounds":{"left":-0.0625,"bottom":-0.0859375,"right":0.703125,"top":0.7890625},"atlasBounds":{"left":180.5,"bottom":611.5,"right":229.5,"top":667.5}},{"unicode":1041,"advance":0.61376953125,"planeBounds":{"left":-0.006103515625,"bottom":-0.0859375,"right":0.634521484375,"top":0.7890625},"atlasBounds":{"left":368.5,"bottom":139.5,"right":409.5,"top":195.5}},{"unicode":1042,"advance":0.6142578125,"planeBounds":{"left":-0.01025390625,"bottom":-0.0859375,"right":0.66162109375,"top":0.7890625},"atlasBounds":{"left":323.5,"bottom":233.5,"right":366.5,"top":289.5}},{"unicode":1043,"advance":0.52294921875,"planeBounds":{"left":-0.0068359375,"bottom":-0.0859375,"right":0.5712890625,"top":0.7890625},"atlasBounds":{"left":531.5,"bottom":403.5,"right":568.5,"top":459.5}},{"unicode":1044,"advance":0.72265625,"planeBounds":{"left":-0.06787109375,"bottom":-0.2265625,"right":0.77587890625,"top":0.7890625},"atlasBounds":{"left":72.5,"bottom":487.5,"right":126.5,"top":552.5}},{"unicode":1045,"advance":0.56201171875,"planeBounds":{"left":-0.00537109375,"bottom":-0.0859375,"right":0.58837890625,"top":0.7890625},"atlasBounds":{"left":452.5,"bottom":116.5,"right":490.5,"top":172.5}},{"unicode":1046,"advance":0.96044921875,"planeBounds":{"left":-0.074462890625,"bottom":-0.0859375,"right":1.034912109375,"top":0.7890625},"atlasBounds":{"left":0.5,"bottom":611.5,"right":71.5,"top":667.5}},{"unicode":1047,"advance":0.5791015625,"planeBounds":{"left":-0.04638671875,"bottom":-0.1015625,"right":0.62548828125,"top":0.8046875},"atlasBounds":{"left":323.5,"bottom":174.5,"right":366.5,"top":232.5}},{"unicode":1048,"advance":0.708984375,"planeBounds":{"left":-0.0048828125,"bottom":-0.0859375,"right":0.7138671875,"top":0.7890625},"atlasBounds":{"left":230.5,"bottom":373.5,"right":276.5,"top":429.5}},{"unicode":1049,"advance":0.708984375,"planeBounds":{"left":-0.0048828125,"bottom":-0.0859375,"right":0.7138671875,"top":0.9921875},"atlasBounds":{"left":230.5,"bottom":303.5,"right":276.5,"top":372.5}},{"unicode":1050,"advance":0.6220703125,"planeBounds":{"left":-0.009521484375,"bottom":-0.0859375,"right":0.693603515625,"top":0.7890625},"atlasBounds":{"left":277.5,"bottom":554.5,"right":322.5,"top":610.5}},{"unicode":1051,"advance":0.67919921875,"planeBounds":{"left":-0.059814453125,"bottom":-0.0859375,"right":0.690185546875,"top":0.7890625},"atlasBounds":{"left":180.5,"bottom":322.5,"right":228.5,"top":378.5}},{"unicode":1052,"advance":0.8408203125,"planeBounds":{"left":-0.00927734375,"bottom":-0.0859375,"right":0.85009765625,"top":0.7890625},"atlasBounds":{"left":72.5,"bottom":611.5,"right":127.5,"top":667.5}},{"unicode":1053,"advance":0.708984375,"planeBounds":{"left":-0.0048828125,"bottom":-0.0859375,"right":0.7138671875,"top":0.7890625},"atlasBounds":{"left":230.5,"bottom":246.5,"right":276.5,"top":302.5}},{"unicode":1054,"advance":0.7412109375,"planeBounds":{"left":-0.03564453125,"bottom":-0.1015625,"right":0.77685546875,"top":0.8046875},"atlasBounds":{"left":72.5,"bottom":178.5,"right":124.5,"top":236.5}},{"unicode":1055,"advance":0.69873046875,"planeBounds":{"left":-0.010009765625,"bottom":-0.0859375,"right":0.708740234375,"top":0.7890625},"atlasBounds":{"left":230.5,"bottom":189.5,"right":276.5,"top":245.5}},{"unicode":1056,"advance":0.5869140625,"planeBounds":{"left":-0.008544921875,"bottom":-0.0859375,"right":0.632080078125,"top":0.7890625},"atlasBounds":{"left":368.5,"bottom":196.5,"right":409.5,"top":252.5}},{"unicode":1057,"advance":0.69384765625,"planeBounds":{"left":-0.032958984375,"bottom":-0.1015625,"right":0.732666015625,"top":0.8046875},"atlasBounds":{"left":180.5,"bottom":552.5,"right":229.5,"top":610.5}},{"unicode":1058,"advance":0.5908203125,"planeBounds":{"left":-0.05615234375,"bottom":-0.0859375,"right":0.64697265625,"top":0.7890625},"atlasBounds":{"left":277.5,"bottom":497.5,"right":322.5,"top":553.5}},{"unicode":1059,"advance":0.595703125,"planeBounds":{"left":-0.06689453125,"bottom":-0.0859375,"right":0.66748046875,"top":0.7890625},"atlasBounds":{"left":180.5,"bottom":151.5,"right":227.5,"top":207.5}},{"unicode":1060,"advance":0.79248046875,"planeBounds":{"left":-0.041259765625,"bottom":-0.1015625,"right":0.833740234375,"top":0.8046875},"atlasBounds":{"left":0.5,"bottom":249.5,"right":56.5,"top":307.5}},{"unicode":1061,"advance":0.64453125,"planeBounds":{"left":-0.052734375,"bottom":-0.0859375,"right":0.697265625,"top":0.7890625},"atlasBounds":{"left":180.5,"bottom":265.5,"right":228.5,"top":321.5}},{"unicode":1062,"advance":0.7431640625,"planeBounds":{"left":-0.0048828125,"bottom":-0.2265625,"right":0.7919921875,"top":0.7890625},"atlasBounds":{"left":128.5,"bottom":556.5,"right":179.5,"top":621.5}},{"unicode":1063,"advance":0.66748046875,"planeBounds":{"left":-0.02392578125,"bottom":-0.0859375,"right":0.67919921875,"top":0.7890625},"atlasBounds":{"left":230.5,"bottom":75.5,"right":275.5,"top":131.5}},{"unicode":1064,"advance":0.919921875,"planeBounds":{"left":-0.0087890625,"bottom":-0.0859375,"right":0.9287109375,"top":0.7890625},"atlasBounds":{"left":0.5,"bottom":308.5,"right":60.5,"top":364.5}},{"unicode":1065,"advance":0.9638671875,"planeBounds":{"left":-0.01171875,"bottom":-0.2265625,"right":1.01953125,"top":0.7890625},"atlasBounds":{"left":0.5,"bottom":488.5,"right":66.5,"top":553.5}},{"unicode":1066,"advance":0.7138671875,"planeBounds":{"left":-0.052978515625,"bottom":-0.0859375,"right":0.759521484375,"top":0.7890625},"atlasBounds":{"left":72.5,"bottom":121.5,"right":124.5,"top":177.5}},{"unicode":1067,"advance":0.8154296875,"planeBounds":{"left":-0.00634765625,"bottom":-0.0859375,"right":0.82177734375,"top":0.7890625},"atlasBounds":{"left":72.5,"bottom":430.5,"right":125.5,"top":486.5}},{"unicode":1068,"advance":0.5966796875,"planeBounds":{"left":-0.011474609375,"bottom":-0.0859375,"right":0.644775390625,"top":0.7890625},"atlasBounds":{"left":368.5,"bottom":500.5,"right":410.5,"top":556.5}},{"unicode":1069,"advance":0.69384765625,"planeBounds":{"left":-0.038818359375,"bottom":-0.1015625,"right":0.726806640625,"top":0.8046875},"atlasBounds":{"left":180.5,"bottom":493.5,"right":229.5,"top":551.5}},{"unicode":1070,"advance":0.97216796875,"planeBounds":{"left":-0.008056640625,"bottom":-0.1015625,"right":1.007568359375,"top":0.8046875},"atlasBounds":{"left":0.5,"bottom":429.5,"right":65.5,"top":487.5}},{"unicode":1071,"advance":0.62841796875,"planeBounds":{"left":-0.052734375,"bottom":-0.0859375,"right":0.634765625,"top":0.7890625},"atlasBounds":{"left":277.5,"bottom":160.5,"right":321.5,"top":216.5}},{"unicode":1072,"advance":0.51123046875,"planeBounds":{"left":-0.042236328125,"bottom":-0.1015625,"right":0.535888671875,"top":0.6015625},"atlasBounds":{"left":531.5,"bottom":460.5,"right":568.5,"top":505.5}},{"unicode":1073,"advance":0.5498046875,"planeBounds":{"left":-0.043212890625,"bottom":-0.1015625,"right":0.597412109375,"top":0.8203125},"atlasBounds":{"left":368.5,"bottom":79.5,"right":409.5,"top":138.5}},{"unicode":1074,"advance":0.490234375,"planeBounds":{"left":-0.025146484375,"bottom":-0.0859375,"right":0.537353515625,"top":0.5859375},"atlasBounds":{"left":531.5,"bottom":136.5,"right":567.5,"top":179.5}},{"unicode":1075,"advance":0.4189453125,"planeBounds":{"left":-0.019287109375,"bottom":-0.0859375,"right":0.465087890625,"top":0.5859375},"atlasBounds":{"left":569.5,"bottom":271.5,"right":600.5,"top":314.5}},{"unicode":1076,"advance":0.57763671875,"planeBounds":{"left":-0.073974609375,"bottom":-0.2265625,"right":0.644775390625,"top":0.5859375},"atlasBounds":{"left":230.5,"bottom":500.5,"right":276.5,"top":552.5}},{"unicode":1077,"advance":0.521484375,"planeBounds":{"left":-0.043701171875,"bottom":-0.1015625,"right":0.565673828125,"top":0.6015625},"atlasBounds":{"left":452.5,"bottom":355.5,"right":491.5,"top":400.5}},{"unicode":1078,"advance":0.74072265625,"planeBounds":{"left":-0.0673828125,"bottom":-0.0859375,"right":0.8076171875,"top":0.5859375},"atlasBounds":{"left":0.5,"bottom":205.5,"right":56.5,"top":248.5}},{"unicode":1079,"advance":0.46484375,"planeBounds":{"left":-0.053466796875,"bottom":-0.1015625,"right":0.509033203125,"top":0.6015625},"atlasBounds":{"left":531.5,"bottom":268.5,"right":567.5,"top":313.5}},{"unicode":1080,"advance":0.544921875,"planeBounds":{"left":-0.0244140625,"bottom":-0.0859375,"right":0.5693359375,"top":0.5859375},"atlasBounds":{"left":452.5,"bottom":173.5,"right":490.5,"top":216.5}},{"unicode":1081,"advance":0.544921875,"planeBounds":{"left":-0.0244140625,"bottom":-0.0859375,"right":0.5693359375,"top":0.8203125},"atlasBounds":{"left":452.5,"bottom":0.5,"right":490.5,"top":58.5}},{"unicode":1082,"advance":0.4873046875,"planeBounds":{"left":-0.021240234375,"bottom":-0.0859375,"right":0.556884765625,"top":0.5859375},"atlasBounds":{"left":531.5,"bottom":314.5,"right":568.5,"top":357.5}},{"unicode":1083,"advance":0.52783203125,"planeBounds":{"left":-0.071533203125,"bottom":-0.0859375,"right":0.553466796875,"top":0.5859375},"atlasBounds":{"left":411.5,"bottom":523.5,"right":451.5,"top":566.5}},{"unicode":1084,"advance":0.6875,"planeBounds":{"left":-0.0234375,"bottom":-0.0859375,"right":0.7109375,"top":0.5859375},"atlasBounds":{"left":180.5,"bottom":107.5,"right":227.5,"top":150.5}},{"unicode":1085,"advance":0.5380859375,"planeBounds":{"left":-0.020263671875,"bottom":-0.0859375,"right":0.557861328125,"top":0.5859375},"atlasBounds":{"left":492.5,"bottom":204.5,"right":529.5,"top":247.5}},{"unicode":1086,"advance":0.5400390625,"planeBounds":{"left":-0.050048828125,"bottom":-0.1015625,"right":0.590576171875,"top":0.6015625},"atlasBounds":{"left":368.5,"bottom":310.5,"right":409.5,"top":355.5}},{"unicode":1087,"advance":0.533203125,"planeBounds":{"left":-0.0224609375,"bottom":-0.0859375,"right":0.5556640625,"top":0.5859375},"atlasBounds":{"left":492.5,"bottom":248.5,"right":529.5,"top":291.5}},{"unicode":1088,"advance":0.55859375,"planeBounds":{"left":-0.0205078125,"bottom":-0.2578125,"right":0.6044921875,"top":0.6015625},"atlasBounds":{"left":411.5,"bottom":467.5,"right":451.5,"top":522.5}},{"unicode":1089,"advance":0.50927734375,"planeBounds":{"left":-0.046630859375,"bottom":-0.1015625,"right":0.562744140625,"top":0.6015625},"atlasBounds":{"left":452.5,"bottom":564.5,"right":491.5,"top":609.5}},{"unicode":1090,"advance":0.4501953125,"planeBounds":{"left":-0.06396484375,"bottom":-0.0859375,"right":0.51416015625,"top":0.5859375},"atlasBounds":{"left":492.5,"bottom":160.5,"right":529.5,"top":203.5}},{"unicode":1091,"advance":0.4951171875,"planeBounds":{"left":-0.06494140625,"bottom":-0.2734375,"right":0.56005859375,"top":0.5859375},"atlasBounds":{"left":411.5,"bottom":411.5,"right":451.5,"top":466.5}},{"unicode":1092,"advance":0.67724609375,"planeBounds":{"left":-0.044189453125,"bottom":-0.2578125,"right":0.721435546875,"top":0.7578125},"atlasBounds":{"left":128.5,"bottom":187.5,"right":177.5,"top":252.5}},{"unicode":1093,"advance":0.478515625,"planeBounds":{"left":-0.057373046875,"bottom":-0.0859375,"right":0.536376953125,"top":0.5859375},"atlasBounds":{"left":492.5,"bottom":292.5,"right":530.5,"top":335.5}},{"unicode":1094,"advance":0.56591796875,"planeBounds":{"left":-0.0234375,"bottom":-0.2265625,"right":0.6328125,"top":0.5859375},"atlasBounds":{"left":368.5,"bottom":557.5,"right":410.5,"top":609.5}},{"unicode":1095,"advance":0.50634765625,"planeBounds":{"left":-0.034423828125,"bottom":-0.0859375,"right":0.528076171875,"top":0.5859375},"atlasBounds":{"left":531.5,"bottom":224.5,"right":567.5,"top":267.5}},{"unicode":1096,"advance":0.74609375,"planeBounds":{"left":-0.025390625,"bottom":-0.0859375,"right":0.771484375,"top":0.5859375},"atlasBounds":{"left":72.5,"bottom":18.5,"right":123.5,"top":61.5}},{"unicode":1097,"advance":0.783203125,"planeBounds":{"left":-0.024169921875,"bottom":-0.2265625,"right":0.850830078125,"top":0.5859375},"atlasBounds":{"left":0.5,"bottom":152.5,"right":56.5,"top":204.5}},{"unicode":1098,"advance":0.55908203125,"planeBounds":{"left":-0.063232421875,"bottom":-0.0859375,"right":0.608642578125,"top":0.5859375},"atlasBounds":{"left":323.5,"bottom":130.5,"right":366.5,"top":173.5}},{"unicode":1099,"advance":0.6376953125,"planeBounds":{"left":-0.02490234375,"bottom":-0.0859375,"right":0.66259765625,"top":0.5859375},"atlasBounds":{"left":277.5,"bottom":276.5,"right":321.5,"top":319.5}},{"unicode":1100,"advance":0.46337890625,"planeBounds":{"left":-0.0205078125,"bottom":-0.0859375,"right":0.5107421875,"top":0.5859375},"atlasBounds":{"left":569.5,"bottom":418.5,"right":603.5,"top":461.5}},{"unicode":1101,"advance":0.50927734375,"planeBounds":{"left":-0.053466796875,"bottom":-0.1015625,"right":0.555908203125,"top":0.6015625},"atlasBounds":{"left":452.5,"bottom":401.5,"right":491.5,"top":446.5}},{"unicode":1102,"advance":0.73046875,"planeBounds":{"left":-0.02099609375,"bottom":-0.1015625,"right":0.77587890625,"top":0.6015625},"atlasBounds":{"left":128.5,"bottom":622.5,"right":179.5,"top":667.5}},{"unicode":1103,"advance":0.48291015625,"planeBounds":{"left":-0.057861328125,"bottom":-0.0859375,"right":0.504638671875,"top":0.5859375},"atlasBounds":{"left":531.5,"bottom":180.5,"right":567.5,"top":223.5}},{"unicode":1105,"advance":0.521484375,"planeBounds":{"left":-0.043701171875,"bottom":-0.1015625,"right":0.565673828125,"top":0.7734375},"atlasBounds":{"left":452.5,"bottom":447.5,"right":491.5,"top":503.5}},{"unicode":1108,"advance":0.50927734375,"planeBounds":{"left":-0.046630859375,"bottom":-0.1015625,"right":0.562744140625,"top":0.6015625},"atlasBounds":{"left":452.5,"bottom":263.5,"right":491.5,"top":308.5}},{"unicode":1110,"advance":0.2138671875,"planeBounds":{"left":-0.025634765625,"bottom":-0.0859375,"right":0.239990234375,"top":0.7890625},"atlasBounds":{"left":635.5,"bottom":340.5,"right":652.5,"top":396.5}},{"unicode":1111,"advance":0.2138671875,"planeBounds":{"left":-0.103759765625,"bottom":-0.0859375,"right":0.318115234375,"top":0.7734375},"atlasBounds":{"left":606.5,"bottom":503.5,"right":633.5,"top":558.5}},{"unicode":1169,"advance":0.4189453125,"planeBounds":{"left":-0.019287109375,"bottom":-0.0859375,"right":0.465087890625,"top":0.7265625},"atlasBounds":{"left":569.5,"bottom":151.5,"right":600.5,"top":203.5}}],"kerning":[]}
