{"atlas":{"type":"mtsdf","distanceRange":10,"distanceRangeMiddle":0,"size":64,"width":648,"height":648,"yOrigin":"bottom"},"metrics":{"emSize":1,"lineHeight":1.193359375,"ascender":0.9521484375,"descender":-0.2412109375,"underlineY":-0.18310546875,"underlineThickness":0.0927734375},"glyphs":[{"unicode":32,"advance":0.19775390625},{"unicode":33,"advance":0.31640625,"planeBounds":{"left":-0.005859375,"bottom":-0.1015625,"right":0.322265625,"top":0.8046875},"atlasBounds":{"left":621.5,"bottom":589.5,"right":642.5,"top":647.5}},{"unicode":34,"advance":0.45361328125,"planeBounds":{"left":-0.031005859375,"bottom":0.3359375,"right":0.484619140625,"top":0.8046875},"atlasBounds":{"left":521.5,"bottom":34.5,"right":554.5,"top":64.5}},{"unicode":35,"advance":0.638671875,"planeBounds":{"left":-0.08056640625,"bottom":-0.1015625,"right":0.71630859375,"top":0.8046875},"atlasBounds":{"left":302.5,"bottom":517.5,"right":353.5,"top":575.5}},{"unicode":36,"advance":0.64697265625,"planeBounds":{"left":-0.017822265625,"bottom":-0.1640625,"right":0.669677734375,"top":0.8671875},"atlasBounds":{"left":319.5,"bottom":581.5,"right":363.5,"top":647.5}},{"unicode":37,"advance":0.8837890625,"planeBounds":{"left":-0.05712890625,"bottom":-0.1015625,"right":0.94287109375,"top":0.8046875},"atlasBounds":{"left":354.5,"bottom":517.5,"right":418.5,"top":575.5}},{"unicode":38,"advance":0.70166015625,"planeBounds":{"left":-0.05029296875,"bottom":-0.1015625,"right":0.73095703125,"top":0.8046875},"atlasBounds":{"left":419.5,"bottom":517.5,"right":469.5,"top":575.5}},{"unicode":40,"advance":0.3818359375,"planeBounds":{"left":0.00927734375,"bottom":-0.2578125,"right":0.41552734375,"top":0.8046875},"atlasBounds":{"left":78.5,"bottom":579.5,"right":104.5,"top":647.5}},{"unicode":41,"advance":0.3818359375,"planeBounds":{"left":-0.033447265625,"bottom":-0.2578125,"right":0.372802734375,"top":0.8046875},"atlasBounds":{"left":105.5,"bottom":579.5,"right":131.5,"top":647.5}},{"unicode":42,"advance":0.44921875,"planeBounds":{"left":-0.033203125,"bottom":0.2421875,"right":0.482421875,"top":0.8046875},"atlasBounds":{"left":409.5,"bottom":28.5,"right":442.5,"top":64.5}},{"unicode":43,"advance":0.64697265625,"planeBounds":{"left":-0.020263671875,"bottom":-0.0703125,"right":0.667236328125,"top":0.6328125},"atlasBounds":{"left":80.5,"bottom":19.5,"right":124.5,"top":64.5}},{"unicode":44,"advance":0.27783203125,"planeBounds":{"left":-0.030556938214740287,"bottom":-0.2578125,"right":0.28194306178525974,"top":0.2109375},"atlasBounds":{"left":615.5,"bottom":400.5,"right":635.5,"top":430.5}},{"unicode":45,"advance":0.44189453125,"planeBounds":{"left":-0.029052734375,"bottom":0.1328125,"right":0.470947265625,"top":0.4296875},"atlasBounds":{"left":615.5,"bottom":431.5,"right":647.5,"top":450.5}},{"unicode":46,"advance":0.27783203125,"planeBounds":{"left":-0.02490234375,"bottom":-0.0859375,"right":0.30322265625,"top":0.2421875},"atlasBounds":{"left":621.5,"bottom":43.5,"right":642.5,"top":64.5}},{"unicode":47,"advance":0.3818359375,"planeBounds":{"left":-0.067138671875,"bottom":-0.2578125,"right":0.448486328125,"top":0.8046875},"atlasBounds":{"left":132.5,"bottom":579.5,"right":165.5,"top":647.5}},{"unicode":48,"advance":0.65576171875,"planeBounds":{"left":-0.039306640625,"bottom":-0.1015625,"right":0.695068359375,"top":0.8046875},"atlasBounds":{"left":470.5,"bottom":517.5,"right":517.5,"top":575.5}},{"unicode":49,"advance":0.47998046875,"planeBounds":{"left":-0.0498046875,"bottom":-0.1015625,"right":0.4501953125,"top":0.8046875},"atlasBounds":{"left":518.5,"bottom":517.5,"right":550.5,"top":575.5}},{"unicode":50,"advance":0.60302734375,"planeBounds":{"left":-0.03466796875,"bottom":-0.0859375,"right":0.65283203125,"top":0.8046875},"atlasBounds":{"left":174.5,"bottom":275.5,"right":218.5,"top":332.5}},{"unicode":51,"advance":0.6298828125,"planeBounds":{"left":-0.033447265625,"bottom":-0.1015625,"right":0.669677734375,"top":0.8046875},"atlasBounds":{"left":551.5,"bottom":517.5,"right":596.5,"top":575.5}},{"unicode":52,"advance":0.6474609375,"planeBounds":{"left":-0.044677734375,"bottom":-0.1015625,"right":0.705322265625,"top":0.8046875},"atlasBounds":{"left":0.5,"bottom":451.5,"right":48.5,"top":509.5}},{"unicode":53,"advance":0.625,"planeBounds":{"left":-0.015380859375,"bottom":-0.1015625,"right":0.672119140625,"top":0.7890625},"atlasBounds":{"left":219.5,"bottom":275.5,"right":263.5,"top":332.5}},{"unicode":54,"advance":0.64306640625,"planeBounds":{"left":-0.04443359375,"bottom":-0.1015625,"right":0.68994140625,"top":0.8046875},"atlasBounds":{"left":49.5,"bottom":451.5,"right":96.5,"top":509.5}},{"unicode":55,"advance":0.572265625,"planeBounds":{"left":-0.0537109375,"bottom":-0.1015625,"right":0.6181640625,"top":0.7890625},"atlasBounds":{"left":264.5,"bottom":275.5,"right":307.5,"top":332.5}},{"unicode":56,"advance":0.65234375,"planeBounds":{"left":-0.041015625,"bottom":-0.1015625,"right":0.693359375,"top":0.8046875},"atlasBounds":{"left":142.5,"bottom":451.5,"right":189.5,"top":509.5}},{"unicode":57,"advance":0.64501953125,"planeBounds":{"left":-0.0458984375,"bottom":-0.1015625,"right":0.6884765625,"top":0.8046875},"atlasBounds":{"left":190.5,"bottom":451.5,"right":237.5,"top":509.5}},{"unicode":58,"advance":0.27783203125,"planeBounds":{"left":-0.02490234375,"bottom":-0.0859375,"right":0.30322265625,"top":0.5859375},"atlasBounds":{"left":297.5,"bottom":21.5,"right":318.5,"top":64.5}},{"unicode":59,"advance":0.27783203125,"planeBounds":{"left":-0.032021781964740287,"bottom":-0.2578125,"right":0.29610321803525974,"top":0.5859375},"atlasBounds":{"left":378.5,"bottom":161.5,"right":399.5,"top":215.5}},{"unicode":60,"advance":0.64697265625,"planeBounds":{"left":-0.0146484375,"bottom":-0.0390625,"right":0.6728515625,"top":0.6171875},"atlasBounds":{"left":364.5,"bottom":22.5,"right":408.5,"top":64.5}},{"unicode":61,"advance":0.64697265625,"planeBounds":{"left":-0.012451171875,"bottom":0.0234375,"right":0.659423828125,"top":0.5390625},"atlasBounds":{"left":477.5,"bottom":31.5,"right":520.5,"top":64.5}},{"unicode":62,"advance":0.64697265625,"planeBounds":{"left":-0.02587890625,"bottom":-0.0390625,"right":0.66162109375,"top":0.6171875},"atlasBounds":{"left":319.5,"bottom":22.5,"right":363.5,"top":64.5}},{"unicode":63,"advance":0.53369140625,"planeBounds":{"left":-0.04736328125,"bottom":-0.1015625,"right":0.57763671875,"top":0.7890625},"atlasBounds":{"left":400.5,"bottom":275.5,"right":440.5,"top":332.5}},{"unicode":64,"advance":0.8837890625,"planeBounds":{"left":-0.041748046875,"bottom":-0.1953125,"right":0.927001953125,"top":0.7890625},"atlasBounds":{"left":58.5,"bottom":512.5,"right":120.5,"top":575.5}},{"unicode":65,"advance":0.68994140625,"planeBounds":{"left":-0.053466796875,"bottom":-0.1015625,"right":0.743408203125,"top":0.8046875},"atlasBounds":{"left":360.5,"bottom":451.5,"right":411.5,"top":509.5}},{"unicode":66,"advance":0.6396484375,"planeBounds":{"left":-0.02294921875,"bottom":-0.0859375,"right":0.69580078125,"top":0.7890625},"atlasBounds":{"left":99.5,"bottom":159.5,"right":145.5,"top":215.5}},{"unicode":67,"advance":0.71240234375,"planeBounds":{"left":-0.047119140625,"bottom":-0.1015625,"right":0.749755859375,"top":0.8046875},"atlasBounds":{"left":472.5,"bottom":451.5,"right":523.5,"top":509.5}},{"unicode":68,"advance":0.69970703125,"planeBounds":{"left":-0.021728515625,"bottom":-0.0859375,"right":0.743896484375,"top":0.7890625},"atlasBounds":{"left":146.5,"bottom":159.5,"right":195.5,"top":215.5}},{"unicode":69,"advance":0.5732421875,"planeBounds":{"left":-0.02392578125,"bottom":-0.0859375,"right":0.61669921875,"top":0.7890625},"atlasBounds":{"left":196.5,"bottom":159.5,"right":237.5,"top":215.5}},{"unicode":70,"advance":0.54833984375,"planeBounds":{"left":-0.026611328125,"bottom":-0.1015625,"right":0.614013671875,"top":0.7890625},"atlasBounds":{"left":531.5,"bottom":275.5,"right":572.5,"top":332.5}},{"unicode":71,"advance":0.72705078125,"planeBounds":{"left":-0.043701171875,"bottom":-0.1015625,"right":0.768798828125,"top":0.8046875},"atlasBounds":{"left":524.5,"bottom":451.5,"right":576.5,"top":509.5}},{"unicode":72,"advance":0.7294921875,"planeBounds":{"left":-0.02587890625,"bottom":-0.1015625,"right":0.75537109375,"top":0.8046875},"atlasBounds":{"left":597.5,"bottom":517.5,"right":647.5,"top":575.5}},{"unicode":73,"advance":0.2646484375,"planeBounds":{"left":-0.02392578125,"bottom":-0.1015625,"right":0.28857421875,"top":0.8046875},"atlasBounds":{"left":577.5,"bottom":451.5,"right":597.5,"top":509.5}},{"unicode":74,"advance":0.55810546875,"planeBounds":{"left":-0.06298828125,"bottom":-0.1015625,"right":0.57763671875,"top":0.8046875},"atlasBounds":{"left":98.5,"bottom":392.5,"right":139.5,"top":450.5}},{"unicode":75,"advance":0.66064453125,"planeBounds":{"left":-0.022216796875,"bottom":-0.1015625,"right":0.712158203125,"top":0.8046875},"atlasBounds":{"left":140.5,"bottom":392.5,"right":187.5,"top":450.5}},{"unicode":76,"advance":0.54296875,"planeBounds":{"left":-0.021728515625,"bottom":-0.0859375,"right":0.603271484375,"top":0.8046875},"atlasBounds":{"left":96.5,"bottom":216.5,"right":136.5,"top":273.5}},{"unicode":77,"advance":0.86328125,"planeBounds":{"left":-0.021484375,"bottom":-0.1015625,"right":0.884765625,"top":0.8046875},"atlasBounds":{"left":188.5,"bottom":392.5,"right":246.5,"top":450.5}},{"unicode":78,"advance":0.71435546875,"planeBounds":{"left":-0.025634765625,"bottom":-0.1015625,"right":0.739990234375,"top":0.8046875},"atlasBounds":{"left":598.5,"bottom":451.5,"right":647.5,"top":509.5}},{"unicode":79,"advance":0.75244140625,"planeBounds":{"left":-0.04541015625,"bottom":-0.1015625,"right":0.79833984375,"top":0.8046875},"atlasBounds":{"left":299.5,"bottom":392.5,"right":353.5,"top":450.5}},{"unicode":80,"advance":0.61767578125,"planeBounds":{"left":-0.019775390625,"bottom":-0.1015625,"right":0.667724609375,"top":0.7890625},"atlasBounds":{"left":276.5,"bottom":216.5,"right":320.5,"top":273.5}},{"unicode":81,"advance":0.75244140625,"planeBounds":{"left":-0.045654296875,"bottom":-0.1640625,"right":0.798095703125,"top":0.8046875},"atlasBounds":{"left":121.5,"bottom":513.5,"right":175.5,"top":575.5}},{"unicode":82,"advance":0.64013671875,"planeBounds":{"left":-0.021240234375,"bottom":-0.1015625,"right":0.681884765625,"top":0.7890625},"atlasBounds":{"left":354.5,"bottom":216.5,"right":399.5,"top":273.5}},{"unicode":83,"advance":0.63134765625,"planeBounds":{"left":-0.03857421875,"bottom":-0.1015625,"right":0.68017578125,"top":0.8046875},"atlasBounds":{"left":354.5,"bottom":392.5,"right":400.5,"top":450.5}},{"unicode":84,"advance":0.6015625,"planeBounds":{"left":-0.06640625,"bottom":-0.1015625,"right":0.66796875,"top":0.7890625},"atlasBounds":{"left":453.5,"bottom":216.5,"right":500.5,"top":273.5}},{"unicode":85,"advance":0.70751953125,"planeBounds":{"left":-0.021240234375,"bottom":-0.1015625,"right":0.728759765625,"top":0.8046875},"atlasBounds":{"left":566.5,"bottom":392.5,"right":614.5,"top":450.5}},{"unicode":86,"advance":0.67822265625,"planeBounds":{"left":-0.059326171875,"bottom":-0.1015625,"right":0.737548828125,"top":0.8046875},"atlasBounds":{"left":258.5,"bottom":333.5,"right":309.5,"top":391.5}},{"unicode":87,"advance":0.96533203125,"planeBounds":{"left":-0.04833984375,"bottom":-0.1015625,"right":1.01416015625,"top":0.8046875},"atlasBounds":{"left":310.5,"bottom":333.5,"right":378.5,"top":391.5}},{"unicode":88,"advance":0.685546875,"planeBounds":{"left":-0.0322265625,"bottom":-0.1015625,"right":0.7177734375,"top":0.8046875},"atlasBounds":{"left":379.5,"bottom":333.5,"right":427.5,"top":391.5}},{"unicode":89,"advance":0.6650390625,"planeBounds":{"left":-0.050048828125,"bottom":-0.1015625,"right":0.715576171875,"top":0.8046875},"atlasBounds":{"left":480.5,"bottom":333.5,"right":529.5,"top":391.5}},{"unicode":90,"advance":0.630859375,"planeBounds":{"left":-0.03955078125,"bottom":-0.0859375,"right":0.67919921875,"top":0.7890625},"atlasBounds":{"left":238.5,"bottom":159.5,"right":284.5,"top":215.5}},{"unicode":91,"advance":0.3818359375,"planeBounds":{"left":0.01806640625,"bottom":-0.2421875,"right":0.45556640625,"top":0.7890625},"atlasBounds":{"left":364.5,"bottom":581.5,"right":392.5,"top":647.5}},{"unicode":92,"advance":0.3818359375,"planeBounds":{"left":-0.066650390625,"bottom":-0.2578125,"right":0.448974609375,"top":0.8046875},"atlasBounds":{"left":166.5,"bottom":579.5,"right":199.5,"top":647.5}},{"unicode":93,"advance":0.3818359375,"planeBounds":{"left":-0.073486328125,"bottom":-0.2421875,"right":0.364013671875,"top":0.7890625},"atlasBounds":{"left":393.5,"bottom":581.5,"right":421.5,"top":647.5}},{"unicode":94,"advance":0.44921875,"planeBounds":{"left":-0.033203125,"bottom":0.2578125,"right":0.482421875,"top":0.7734375},"atlasBounds":{"left":443.5,"bottom":31.5,"right":476.5,"top":64.5}},{"unicode":95,"advance":0.41845703125,"planeBounds":{"left":-0.111083984375,"bottom":-0.2421875,"right":0.529541015625,"top":0.0390625},"atlasBounds":{"left":0.5,"bottom":0.5,"right":41.5,"top":18.5}},{"unicode":96,"advance":0.4931640625,"planeBounds":{"left":0.087646484375,"bottom":0.5234375,"right":0.415771484375,"top":0.8828125},"atlasBounds":{"left":599.5,"bottom":41.5,"right":620.5,"top":64.5}},{"unicode":97,"advance":0.54736328125,"planeBounds":{"left":-0.056396484375,"bottom":-0.1015625,"right":0.584228515625,"top":0.6171875},"atlasBounds":{"left":226.5,"bottom":65.5,"right":267.5,"top":111.5}},{"unicode":98,"advance":0.59716796875,"planeBounds":{"left":-0.033935546875,"bottom":-0.1015625,"right":0.653564453125,"top":0.8046875},"atlasBounds":{"left":530.5,"bottom":333.5,"right":574.5,"top":391.5}},{"unicode":99,"advance":0.544921875,"planeBounds":{"left":-0.056884765625,"bottom":-0.1015625,"right":0.599365234375,"top":0.6171875},"atlasBounds":{"left":353.5,"bottom":65.5,"right":395.5,"top":111.5}},{"unicode":100,"advance":0.595703125,"planeBounds":{"left":-0.056640625,"bottom":-0.1015625,"right":0.630859375,"top":0.8046875},"atlasBounds":{"left":575.5,"bottom":333.5,"right":619.5,"top":391.5}},{"unicode":101,"advance":0.55517578125,"planeBounds":{"left":-0.05810546875,"bottom":-0.1015625,"right":0.61376953125,"top":0.6171875},"atlasBounds":{"left":43.5,"bottom":112.5,"right":86.5,"top":158.5}},{"unicode":102,"advance":0.35595703125,"planeBounds":{"left":-0.076904296875,"bottom":-0.1015625,"right":0.423095703125,"top":0.7890625},"atlasBounds":{"left":321.5,"bottom":216.5,"right":353.5,"top":273.5}},{"unicode":103,"advance":0.59326171875,"planeBounds":{"left":-0.056396484375,"bottom":-0.2890625,"right":0.631103515625,"top":0.6171875},"atlasBounds":{"left":0.5,"bottom":274.5,"right":44.5,"top":332.5}},{"unicode":104,"advance":0.58447265625,"planeBounds":{"left":-0.033203125,"bottom":-0.1015625,"right":0.623046875,"top":0.8046875},"atlasBounds":{"left":45.5,"bottom":274.5,"right":87.5,"top":332.5}},{"unicode":105,"advance":0.23974609375,"planeBounds":{"left":-0.0361328125,"bottom":-0.1015625,"right":0.2763671875,"top":0.8203125},"atlasBounds":{"left":281.5,"bottom":516.5,"right":301.5,"top":575.5}},{"unicode":106,"advance":0.23974609375,"planeBounds":{"left":-0.1298828125,"bottom":-0.2734375,"right":0.2763671875,"top":0.8203125},"atlasBounds":{"left":51.5,"bottom":577.5,"right":77.5,"top":647.5}},{"unicode":107,"advance":0.5380859375,"planeBounds":{"left":-0.03271484375,"bottom":-0.1015625,"right":0.59228515625,"top":0.8046875},"atlasBounds":{"left":88.5,"bottom":274.5,"right":128.5,"top":332.5}},{"unicode":108,"advance":0.2421875,"planeBounds":{"left":-0.03515625,"bottom":-0.1015625,"right":0.27734375,"top":0.8046875},"atlasBounds":{"left":620.5,"bottom":333.5,"right":640.5,"top":391.5}},{"unicode":109,"advance":0.86328125,"planeBounds":{"left":-0.035888671875,"bottom":-0.1015625,"right":0.901611328125,"top":0.6171875},"atlasBounds":{"left":452.5,"bottom":112.5,"right":512.5,"top":158.5}},{"unicode":110,"advance":0.576171875,"planeBounds":{"left":-0.038818359375,"bottom":-0.1015625,"right":0.617431640625,"top":0.6171875},"atlasBounds":{"left":513.5,"bottom":112.5,"right":555.5,"top":158.5}},{"unicode":111,"advance":0.57275390625,"planeBounds":{"left":-0.05712890625,"bottom":-0.1015625,"right":0.63037109375,"top":0.6171875},"atlasBounds":{"left":181.5,"bottom":65.5,"right":225.5,"top":111.5}},{"unicode":112,"advance":0.59326171875,"planeBounds":{"left":-0.037353515625,"bottom":-0.2734375,"right":0.650146484375,"top":0.6171875},"atlasBounds":{"left":486.5,"bottom":275.5,"right":530.5,"top":332.5}},{"unicode":113,"advance":0.59326171875,"planeBounds":{"left":-0.056640625,"bottom":-0.2734375,"right":0.630859375,"top":0.6171875},"atlasBounds":{"left":441.5,"bottom":275.5,"right":485.5,"top":332.5}},{"unicode":114,"advance":0.36376953125,"planeBounds":{"left":-0.039306640625,"bottom":-0.1015625,"right":0.445068359375,"top":0.6171875},"atlasBounds":{"left":437.5,"bottom":65.5,"right":468.5,"top":111.5}},{"unicode":115,"advance":0.51513671875,"planeBounds":{"left":-0.05224609375,"bottom":-0.1015625,"right":0.57275390625,"top":0.6171875},"atlasBounds":{"left":396.5,"bottom":65.5,"right":436.5,"top":111.5}},{"unicode":116,"advance":0.35546875,"planeBounds":{"left":-0.08203125,"bottom":-0.0859375,"right":0.41796875,"top":0.7421875},"atlasBounds":{"left":498.5,"bottom":162.5,"right":530.5,"top":215.5}},{"unicode":117,"advance":0.576171875,"planeBounds":{"left":-0.041259765625,"bottom":-0.1015625,"right":0.614990234375,"top":0.6171875},"atlasBounds":{"left":268.5,"bottom":65.5,"right":310.5,"top":111.5}},{"unicode":118,"advance":0.52783203125,"planeBounds":{"left":-0.063720703125,"bottom":-0.1015625,"right":0.592529296875,"top":0.6171875},"atlasBounds":{"left":600.5,"bottom":112.5,"right":642.5,"top":158.5}},{"unicode":119,"advance":0.7900390625,"planeBounds":{"left":-0.065673828125,"bottom":-0.1015625,"right":0.856201171875,"top":0.6171875},"atlasBounds":{"left":531.5,"bottom":169.5,"right":590.5,"top":215.5}},{"unicode":120,"advance":0.52783203125,"planeBounds":{"left":-0.049560546875,"bottom":-0.1015625,"right":0.575439453125,"top":0.6171875},"atlasBounds":{"left":252.5,"bottom":112.5,"right":292.5,"top":158.5}},{"unicode":121,"advance":0.54296875,"planeBounds":{"left":-0.0634765625,"bottom":-0.2734375,"right":0.6083984375,"top":0.6171875},"atlasBounds":{"left":232.5,"bottom":216.5,"right":275.5,"top":273.5}},{"unicode":122,"advance":0.50537109375,"planeBounds":{"left":-0.0498046875,"bottom":-0.0859375,"right":0.5595703125,"top":0.6015625},"atlasBounds":{"left":216.5,"bottom":20.5,"right":255.5,"top":64.5}},{"unicode":123,"advance":0.3818359375,"planeBounds":{"left":-0.07421875,"bottom":-0.2421875,"right":0.47265625,"top":0.7890625},"atlasBounds":{"left":422.5,"bottom":581.5,"right":457.5,"top":647.5}},{"unicode":124,"advance":0.3818359375,"planeBounds":{"left":0.042724609375,"bottom":-0.2578125,"right":0.339599609375,"top":0.8046875},"atlasBounds":{"left":200.5,"bottom":579.5,"right":219.5,"top":647.5}},{"unicode":125,"advance":0.3818359375,"planeBounds":{"left":-0.09033203125,"bottom":-0.2421875,"right":0.45654296875,"top":0.7890625},"atlasBounds":{"left":458.5,"bottom":581.5,"right":493.5,"top":647.5}},{"unicode":126,"advance":0.64697265625,"planeBounds":{"left":-0.01220703125,"bottom":0.0859375,"right":0.65966796875,"top":0.4765625},"atlasBounds":{"left":555.5,"bottom":39.5,"right":598.5,"top":64.5}},{"unicode":1025,"advance":0.58349609375,"planeBounds":{"left":-0.01904296875,"bottom":-0.0859375,"right":0.62158203125,"top":0.9765625},"atlasBounds":{"left":220.5,"bottom":579.5,"right":261.5,"top":647.5}},{"unicode":1040,"advance":0.69970703125,"planeBounds":{"left":-0.048583984375,"bottom":-0.1015625,"right":0.748291015625,"top":0.8046875},"atlasBounds":{"left":428.5,"bottom":333.5,"right":479.5,"top":391.5}},{"unicode":1041,"advance":0.63818359375,"planeBounds":{"left":-0.021484375,"bottom":-0.0859375,"right":0.681640625,"top":0.7890625},"atlasBounds":{"left":332.5,"bottom":159.5,"right":377.5,"top":215.5}},{"unicode":1042,"advance":0.6494140625,"planeBounds":{"left":-0.01806640625,"bottom":-0.0859375,"right":0.70068359375,"top":0.7890625},"atlasBounds":{"left":285.5,"bottom":159.5,"right":331.5,"top":215.5}},{"unicode":1043,"advance":0.54833984375,"planeBounds":{"left":-0.017822265625,"bottom":-0.1015625,"right":0.607177734375,"top":0.7890625},"atlasBounds":{"left":545.5,"bottom":216.5,"right":585.5,"top":273.5}},{"unicode":1044,"advance":0.76220703125,"planeBounds":{"left":-0.06787109375,"bottom":-0.2265625,"right":0.82275390625,"top":0.7890625},"atlasBounds":{"left":0.5,"bottom":510.5,"right":57.5,"top":575.5}},{"unicode":1045,"advance":0.58349609375,"planeBounds":{"left":-0.01904296875,"bottom":-0.0859375,"right":0.62158203125,"top":0.7890625},"atlasBounds":{"left":0.5,"bottom":159.5,"right":41.5,"top":215.5}},{"unicode":1046,"advance":1.0078125,"planeBounds":{"left":-0.03564453125,"bottom":-0.1015625,"right":1.04248046875,"top":0.8046875},"atlasBounds":{"left":97.5,"bottom":333.5,"right":166.5,"top":391.5}},{"unicode":1047,"advance":0.6279296875,"planeBounds":{"left":-0.031982421875,"bottom":-0.1015625,"right":0.671142578125,"top":0.8046875},"atlasBounds":{"left":51.5,"bottom":333.5,"right":96.5,"top":391.5}},{"unicode":1048,"advance":0.74169921875,"planeBounds":{"left":-0.019775390625,"bottom":-0.1015625,"right":0.761474609375,"top":0.8046875},"atlasBounds":{"left":0.5,"bottom":333.5,"right":50.5,"top":391.5}},{"unicode":1049,"advance":0.74169921875,"planeBounds":{"left":-0.019775390625,"bottom":-0.1015625,"right":0.761474609375,"top":1.0078125},"atlasBounds":{"left":0.5,"bottom":576.5,"right":50.5,"top":647.5}},{"unicode":1050,"advance":0.673828125,"planeBounds":{"left":-0.015380859375,"bottom":-0.1015625,"right":0.703369140625,"top":0.8046875},"atlasBounds":{"left":211.5,"bottom":333.5,"right":257.5,"top":391.5}},{"unicode":1051,"advance":0.71728515625,"planeBounds":{"left":-0.074951171875,"bottom":-0.1015625,"right":0.737548828125,"top":0.7890625},"atlasBounds":{"left":400.5,"bottom":216.5,"right":452.5,"top":273.5}},{"unicode":1052,"advance":0.873046875,"planeBounds":{"left":-0.0166015625,"bottom":-0.1015625,"right":0.8896484375,"top":0.8046875},"atlasBounds":{"left":507.5,"bottom":392.5,"right":565.5,"top":450.5}},{"unicode":1053,"advance":0.7392578125,"planeBounds":{"left":-0.02099609375,"bottom":-0.1015625,"right":0.76025390625,"top":0.8046875},"atlasBounds":{"left":456.5,"bottom":392.5,"right":506.5,"top":450.5}},{"unicode":1054,"advance":0.76220703125,"planeBounds":{"left":-0.04052734375,"bottom":-0.1015625,"right":0.80322265625,"top":0.8046875},"atlasBounds":{"left":401.5,"bottom":392.5,"right":455.5,"top":450.5}},{"unicode":1055,"advance":0.73193359375,"planeBounds":{"left":-0.0166015625,"bottom":-0.1015625,"right":0.7490234375,"top":0.7890625},"atlasBounds":{"left":182.5,"bottom":216.5,"right":231.5,"top":273.5}},{"unicode":1056,"advance":0.63232421875,"planeBounds":{"left":-0.014892578125,"bottom":-0.1015625,"right":0.672607421875,"top":0.7890625},"atlasBounds":{"left":137.5,"bottom":216.5,"right":181.5,"top":273.5}},{"unicode":1057,"advance":0.72119140625,"planeBounds":{"left":-0.042236328125,"bottom":-0.1015625,"right":0.754638671875,"top":0.8046875},"atlasBounds":{"left":247.5,"bottom":392.5,"right":298.5,"top":450.5}},{"unicode":1058,"advance":0.611328125,"planeBounds":{"left":-0.0615234375,"bottom":-0.1015625,"right":0.6728515625,"top":0.7890625},"atlasBounds":{"left":48.5,"bottom":216.5,"right":95.5,"top":273.5}},{"unicode":1059,"advance":0.65234375,"planeBounds":{"left":-0.039794921875,"bottom":-0.0859375,"right":0.694580078125,"top":0.8046875},"atlasBounds":{"left":0.5,"bottom":216.5,"right":47.5,"top":273.5}},{"unicode":1060,"advance":0.8623046875,"planeBounds":{"left":-0.04541015625,"bottom":-0.1171875,"right":0.90771484375,"top":0.8203125},"atlasBounds":{"left":219.5,"bottom":515.5,"right":280.5,"top":575.5}},{"unicode":1061,"advance":0.6953125,"planeBounds":{"left":-0.02734375,"bottom":-0.1015625,"right":0.72265625,"top":0.8046875},"atlasBounds":{"left":49.5,"bottom":392.5,"right":97.5,"top":450.5}},{"unicode":1062,"advance":0.77587890625,"planeBounds":{"left":-0.0185546875,"bottom":-0.2265625,"right":0.8408203125,"top":0.8046875},"atlasBounds":{"left":494.5,"bottom":581.5,"right":549.5,"top":647.5}},{"unicode":1063,"advance":0.70166015625,"planeBounds":{"left":-0.029541015625,"bottom":-0.1015625,"right":0.720458984375,"top":0.8046875},"atlasBounds":{"left":0.5,"bottom":392.5,"right":48.5,"top":450.5}},{"unicode":1064,"advance":0.9697265625,"planeBounds":{"left":-0.01513671875,"bottom":-0.0859375,"right":0.98486328125,"top":0.8046875},"atlasBounds":{"left":573.5,"bottom":275.5,"right":637.5,"top":332.5}},{"unicode":1065,"advance":1.013671875,"planeBounds":{"left":-0.016845703125,"bottom":-0.2265625,"right":1.076904296875,"top":0.8046875},"atlasBounds":{"left":550.5,"bottom":581.5,"right":620.5,"top":647.5}},{"unicode":1066,"advance":0.76025390625,"planeBounds":{"left":-0.064697265625,"bottom":-0.0859375,"right":0.810302734375,"top":0.7890625},"atlasBounds":{"left":42.5,"bottom":159.5,"right":98.5,"top":215.5}},{"unicode":1067,"advance":0.88720703125,"planeBounds":{"left":-0.01708984375,"bottom":-0.1015625,"right":0.90478515625,"top":0.8046875},"atlasBounds":{"left":412.5,"bottom":451.5,"right":471.5,"top":509.5}},{"unicode":1068,"advance":0.6318359375,"planeBounds":{"left":-0.020263671875,"bottom":-0.0859375,"right":0.682861328125,"top":0.8046875},"atlasBounds":{"left":354.5,"bottom":275.5,"right":399.5,"top":332.5}},{"unicode":1069,"advance":0.72119140625,"planeBounds":{"left":-0.032958984375,"bottom":-0.1015625,"right":0.763916015625,"top":0.8046875},"atlasBounds":{"left":308.5,"bottom":451.5,"right":359.5,"top":509.5}},{"unicode":1070,"advance":1.02001953125,"planeBounds":{"left":-0.01806640625,"bottom":-0.1015625,"right":1.06005859375,"top":0.8046875},"atlasBounds":{"left":238.5,"bottom":451.5,"right":307.5,"top":509.5}},{"unicode":1071,"advance":0.66845703125,"planeBounds":{"left":-0.01904296875,"bottom":-0.1015625,"right":0.68408203125,"top":0.7890625},"atlasBounds":{"left":308.5,"bottom":275.5,"right":353.5,"top":332.5}},{"unicode":1072,"advance":0.556640625,"planeBounds":{"left":-0.051513671875,"bottom":-0.1015625,"right":0.589111328125,"top":0.6171875},"atlasBounds":{"left":311.5,"bottom":65.5,"right":352.5,"top":111.5}},{"unicode":1073,"advance":0.5908203125,"planeBounds":{"left":-0.046875,"bottom":-0.1015625,"right":0.640625,"top":0.8046875},"atlasBounds":{"left":97.5,"bottom":451.5,"right":141.5,"top":509.5}},{"unicode":1074,"advance":0.54541015625,"planeBounds":{"left":-0.03125,"bottom":-0.0859375,"right":0.59375,"top":0.6015625},"atlasBounds":{"left":256.5,"bottom":20.5,"right":296.5,"top":64.5}},{"unicode":1075,"advance":0.44677734375,"planeBounds":{"left":-0.027587890625,"bottom":-0.1015625,"right":0.503662109375,"top":0.6015625},"atlasBounds":{"left":45.5,"bottom":19.5,"right":79.5,"top":64.5}},{"unicode":1076,"advance":0.6337890625,"planeBounds":{"left":-0.072998046875,"bottom":-0.2265625,"right":0.708251953125,"top":0.6015625},"atlasBounds":{"left":447.5,"bottom":162.5,"right":497.5,"top":215.5}},{"unicode":1077,"advance":0.564453125,"planeBounds":{"left":-0.05322265625,"bottom":-0.1015625,"right":0.61865234375,"top":0.6171875},"atlasBounds":{"left":556.5,"bottom":112.5,"right":599.5,"top":158.5}},{"unicode":1078,"advance":0.8154296875,"planeBounds":{"left":-0.04638671875,"bottom":-0.1015625,"right":0.85986328125,"top":0.6171875},"atlasBounds":{"left":393.5,"bottom":112.5,"right":451.5,"top":158.5}},{"unicode":1079,"advance":0.52783203125,"planeBounds":{"left":-0.0380859375,"bottom":-0.1015625,"right":0.5712890625,"top":0.6171875},"atlasBounds":{"left":212.5,"bottom":112.5,"right":251.5,"top":158.5}},{"unicode":1080,"advance":0.59326171875,"planeBounds":{"left":-0.03125,"bottom":-0.1015625,"right":0.625,"top":0.6171875},"atlasBounds":{"left":129.5,"bottom":112.5,"right":171.5,"top":158.5}},{"unicode":1081,"advance":0.59326171875,"planeBounds":{"left":-0.03125,"bottom":-0.1015625,"right":0.625,"top":0.8671875},"atlasBounds":{"left":176.5,"bottom":513.5,"right":218.5,"top":575.5}},{"unicode":1082,"advance":0.5517578125,"planeBounds":{"left":-0.02734375,"bottom":-0.1015625,"right":0.58203125,"top":0.6171875},"atlasBounds":{"left":172.5,"bottom":112.5,"right":211.5,"top":158.5}},{"unicode":1083,"advance":0.57861328125,"planeBounds":{"left":-0.07861328125,"bottom":-0.1015625,"right":0.60888671875,"top":0.6015625},"atlasBounds":{"left":0.5,"bottom":19.5,"right":44.5,"top":64.5}},{"unicode":1084,"advance":0.74658203125,"planeBounds":{"left":-0.032958984375,"bottom":-0.1015625,"right":0.779541015625,"top":0.6171875},"atlasBounds":{"left":591.5,"bottom":169.5,"right":643.5,"top":215.5}},{"unicode":1085,"advance":0.587890625,"planeBounds":{"left":-0.0341796875,"bottom":-0.1015625,"right":0.6220703125,"top":0.6171875},"atlasBounds":{"left":0.5,"bottom":112.5,"right":42.5,"top":158.5}},{"unicode":1086,"advance":0.58203125,"planeBounds":{"left":-0.05224609375,"bottom":-0.1015625,"right":0.63525390625,"top":0.6171875},"atlasBounds":{"left":136.5,"bottom":65.5,"right":180.5,"top":111.5}},{"unicode":1087,"advance":0.5830078125,"planeBounds":{"left":-0.02880859375,"bottom":-0.1015625,"right":0.61181640625,"top":0.6015625},"atlasBounds":{"left":125.5,"bottom":19.5,"right":166.5,"top":64.5}},{"unicode":1088,"advance":0.60400390625,"planeBounds":{"left":-0.032470703125,"bottom":-0.2734375,"right":0.655029296875,"top":0.6171875},"atlasBounds":{"left":129.5,"bottom":275.5,"right":173.5,"top":332.5}},{"unicode":1089,"advance":0.55029296875,"planeBounds":{"left":-0.053466796875,"bottom":-0.1015625,"right":0.602783203125,"top":0.6171875},"atlasBounds":{"left":0.5,"bottom":65.5,"right":42.5,"top":111.5}},{"unicode":1090,"advance":0.4970703125,"planeBounds":{"left":-0.071533203125,"bottom":-0.1015625,"right":0.569091796875,"top":0.6015625},"atlasBounds":{"left":469.5,"bottom":66.5,"right":510.5,"top":111.5}},{"unicode":1091,"advance":0.552734375,"planeBounds":{"left":-0.05859375,"bottom":-0.2734375,"right":0.61328125,"top":0.6171875},"atlasBounds":{"left":501.5,"bottom":216.5,"right":544.5,"top":273.5}},{"unicode":1092,"advance":0.77001953125,"planeBounds":{"left":-0.052734375,"bottom":-0.2734375,"right":0.822265625,"top":0.7890625},"atlasBounds":{"left":262.5,"bottom":579.5,"right":318.5,"top":647.5}},{"unicode":1093,"advance":0.537109375,"planeBounds":{"left":-0.044677734375,"bottom":-0.1015625,"right":0.580322265625,"top":0.6171875},"atlasBounds":{"left":95.5,"bottom":65.5,"right":135.5,"top":111.5}},{"unicode":1094,"advance":0.62109375,"planeBounds":{"left":-0.028076171875,"bottom":-0.2265625,"right":0.690673828125,"top":0.6171875},"atlasBounds":{"left":400.5,"bottom":161.5,"right":446.5,"top":215.5}},{"unicode":1095,"advance":0.56640625,"planeBounds":{"left":-0.0419921875,"bottom":-0.1015625,"right":0.5986328125,"top":0.6171875},"atlasBounds":{"left":87.5,"bottom":112.5,"right":128.5,"top":158.5}},{"unicode":1096,"advance":0.8203125,"planeBounds":{"left":-0.027099609375,"bottom":-0.0859375,"right":0.847900390625,"top":0.6171875},"atlasBounds":{"left":551.5,"bottom":66.5,"right":607.5,"top":111.5}},{"unicode":1097,"advance":0.857421875,"planeBounds":{"left":-0.027099609375,"bottom":-0.2265625,"right":0.926025390625,"top":0.6171875},"atlasBounds":{"left":586.5,"bottom":219.5,"right":647.5,"top":273.5}},{"unicode":1098,"advance":0.6318359375,"planeBounds":{"left":-0.06640625,"bottom":-0.0859375,"right":0.68359375,"top":0.6015625},"atlasBounds":{"left":167.5,"bottom":20.5,"right":215.5,"top":64.5}},{"unicode":1099,"advance":0.7421875,"planeBounds":{"left":-0.027099609375,"bottom":-0.1015625,"right":0.769775390625,"top":0.6171875},"atlasBounds":{"left":43.5,"bottom":65.5,"right":94.5,"top":111.5}},{"unicode":1100,"advance":0.5263671875,"planeBounds":{"left":-0.030029296875,"bottom":-0.0859375,"right":0.579345703125,"top":0.6171875},"atlasBounds":{"left":608.5,"bottom":66.5,"right":647.5,"top":111.5}},{"unicode":1101,"advance":0.55029296875,"planeBounds":{"left":-0.0400390625,"bottom":-0.1015625,"right":0.6005859375,"top":0.6171875},"atlasBounds":{"left":351.5,"bottom":112.5,"right":392.5,"top":158.5}},{"unicode":1102,"advance":0.8115234375,"planeBounds":{"left":-0.02978515625,"bottom":-0.1015625,"right":0.86083984375,"top":0.6171875},"atlasBounds":{"left":293.5,"bottom":112.5,"right":350.5,"top":158.5}},{"unicode":1103,"advance":0.54443359375,"planeBounds":{"left":-0.035888671875,"bottom":-0.1015625,"right":0.573486328125,"top":0.6015625},"atlasBounds":{"left":511.5,"bottom":66.5,"right":550.5,"top":111.5}},{"unicode":1105,"advance":0.564453125,"planeBounds":{"left":-0.05322265625,"bottom":-0.1015625,"right":0.61865234375,"top":0.8046875},"atlasBounds":{"left":167.5,"bottom":333.5,"right":210.5,"top":391.5}}],"kerning":[]}
