{"atlas":{"type":"mtsdf","distanceRange":10,"distanceRangeMiddle":0,"size":64,"width":684,"height":684,"yOrigin":"bottom"},"metrics":{"emSize":1,"lineHeight":1.193359375,"ascender":0.9521484375,"descender":-0.2412109375,"underlineY":-0.18212890625,"underlineThickness":0.08056640625},"glyphs":[{"unicode":32,"advance":0.2001953125},{"unicode":33,"advance":0.29833984375,"planeBounds":{"left":-0.007080078125,"bottom":-0.1015625,"right":0.305419921875,"top":0.7890625},"atlasBounds":{"left":450.5,"bottom":428.5,"right":470.5,"top":485.5}},{"unicode":34,"advance":0.431640625,"planeBounds":{"left":-0.0263671875,"bottom":0.3515625,"right":0.4580078125,"top":0.7890625},"atlasBounds":{"left":652.5,"bottom":398.5,"right":683.5,"top":426.5}},{"unicode":35,"advance":0.62353515625,"planeBounds":{"left":-0.078857421875,"bottom":-0.0859375,"right":0.702392578125,"top":0.7890625},"atlasBounds":{"left":380.5,"bottom":370.5,"right":430.5,"top":426.5}},{"unicode":36,"advance":0.6318359375,"planeBounds":{"left":-0.03564453125,"bottom":-0.1484375,"right":0.66748046875,"top":0.8671875},"atlasBounds":{"left":451.5,"bottom":547.5,"right":496.5,"top":612.5}},{"unicode":37,"advance":0.78466796875,"planeBounds":{"left":-0.060546875,"bottom":-0.1015625,"right":0.845703125,"top":0.8046875},"atlasBounds":{"left":0.5,"bottom":107.5,"right":58.5,"top":165.5}},{"unicode":38,"advance":0.68994140625,"planeBounds":{"left":-0.046875,"bottom":-0.1015625,"right":0.78125,"top":0.8046875},"atlasBounds":{"left":74.5,"bottom":173.5,"right":127.5,"top":231.5}},{"unicode":39,"advance":0.22119140625,"planeBounds":{"left":-0.022216796875,"bottom":0.3515625,"right":0.243408203125,"top":0.7890625},"atlasBounds":{"left":421.5,"bottom":20.5,"right":438.5,"top":48.5}},{"unicode":40,"advance":0.3603515625,"planeBounds":{"left":0.00537109375,"bottom":-0.2421875,"right":0.42724609375,"top":0.7890625},"atlasBounds":{"left":186.5,"bottom":546.5,"right":213.5,"top":612.5}},{"unicode":41,"advance":0.3603515625,"planeBounds":{"left":-0.06689453125,"bottom":-0.2421875,"right":0.35498046875,"top":0.7890625},"atlasBounds":{"left":214.5,"bottom":546.5,"right":241.5,"top":612.5}},{"unicode":42,"advance":0.484375,"planeBounds":{"left":-0.0224609375,"bottom":0.2734375,"right":0.5087890625,"top":0.8203125},"atlasBounds":{"left":305.5,"bottom":13.5,"right":339.5,"top":48.5}},{"unicode":43,"advance":0.6318359375,"planeBounds":{"left":-0.02001953125,"bottom":-0.0703125,"right":0.65185546875,"top":0.6328125},"atlasBounds":{"left":640.5,"bottom":440.5,"right":683.5,"top":485.5}},{"unicode":44,"advance":0.26904296875,"planeBounds":{"left":-0.04052734375,"bottom":-0.2421875,"right":0.28759765625,"top":0.1953125},"atlasBounds":{"left":659.5,"bottom":112.5,"right":680.5,"top":140.5}},{"unicode":45,"advance":0.43701171875,"planeBounds":{"left":-0.023681640625,"bottom":0.1484375,"right":0.460693359375,"top":0.4296875},"atlasBounds":{"left":652.5,"bottom":379.5,"right":683.5,"top":397.5}},{"unicode":46,"advance":0.26904296875,"planeBounds":{"left":-0.013916015625,"bottom":-0.0859375,"right":0.282958984375,"top":0.2265625},"atlasBounds":{"left":509.5,"bottom":28.5,"right":528.5,"top":48.5}},{"unicode":47,"advance":0.3603515625,"planeBounds":{"left":-0.08544921875,"bottom":-0.2421875,"right":0.44580078125,"top":0.7890625},"atlasBounds":{"left":242.5,"bottom":546.5,"right":276.5,"top":612.5}},{"unicode":48,"advance":0.634765625,"planeBounds":{"left":-0.0419921875,"bottom":-0.1015625,"right":0.6767578125,"top":0.8046875},"atlasBounds":{"left":361.5,"bottom":487.5,"right":407.5,"top":545.5}},{"unicode":49,"advance":0.466796875,"planeBounds":{"left":-0.03515625,"bottom":-0.0859375,"right":0.43359375,"top":0.7890625},"atlasBounds":{"left":621.5,"bottom":370.5,"right":651.5,"top":426.5}},{"unicode":50,"advance":0.58935546875,"planeBounds":{"left":-0.03955078125,"bottom":-0.0859375,"right":0.63232421875,"top":0.8046875},"atlasBounds":{"left":471.5,"bottom":428.5,"right":514.5,"top":485.5}},{"unicode":51,"advance":0.61572265625,"planeBounds":{"left":-0.038330078125,"bottom":-0.1015625,"right":0.649169921875,"top":0.8046875},"atlasBounds":{"left":408.5,"bottom":487.5,"right":452.5,"top":545.5}},{"unicode":52,"advance":0.63232421875,"planeBounds":{"left":-0.0478515625,"bottom":-0.0859375,"right":0.6865234375,"top":0.7890625},"atlasBounds":{"left":636.5,"bottom":627.5,"right":683.5,"top":683.5}},{"unicode":53,"advance":0.6103515625,"planeBounds":{"left":-0.02685546875,"bottom":-0.1015625,"right":0.66064453125,"top":0.7890625},"atlasBounds":{"left":515.5,"bottom":428.5,"right":559.5,"top":485.5}},{"unicode":54,"advance":0.626953125,"planeBounds":{"left":-0.0361328125,"bottom":-0.1015625,"right":0.6669921875,"top":0.8046875},"atlasBounds":{"left":453.5,"bottom":487.5,"right":498.5,"top":545.5}},{"unicode":55,"advance":0.56298828125,"planeBounds":{"left":-0.0498046875,"bottom":-0.0859375,"right":0.6064453125,"top":0.7890625},"atlasBounds":{"left":466.5,"bottom":312.5,"right":508.5,"top":368.5}},{"unicode":56,"advance":0.6328125,"planeBounds":{"left":-0.042724609375,"bottom":-0.1015625,"right":0.676025390625,"top":0.8046875},"atlasBounds":{"left":499.5,"bottom":487.5,"right":545.5,"top":545.5}},{"unicode":57,"advance":0.6279296875,"planeBounds":{"left":-0.04736328125,"bottom":-0.1015625,"right":0.67138671875,"top":0.8046875},"atlasBounds":{"left":546.5,"bottom":487.5,"right":592.5,"top":545.5}},{"unicode":58,"advance":0.26904296875,"planeBounds":{"left":-0.013916015625,"bottom":-0.0859375,"right":0.282958984375,"top":0.5703125},"atlasBounds":{"left":660.5,"bottom":51.5,"right":679.5,"top":93.5}},{"unicode":59,"advance":0.26904296875,"planeBounds":{"left":-0.040771484375,"bottom":-0.2421875,"right":0.287353515625,"top":0.5703125},"atlasBounds":{"left":528.5,"bottom":145.5,"right":549.5,"top":197.5}},{"unicode":60,"advance":0.6318359375,"planeBounds":{"left":0.01123046875,"bottom":-0.0859375,"right":0.62060546875,"top":0.6640625},"atlasBounds":{"left":74.5,"bottom":2.5,"right":113.5,"top":50.5}},{"unicode":61,"advance":0.6318359375,"planeBounds":{"left":-0.01220703125,"bottom":0.0390625,"right":0.64404296875,"top":0.5234375},"atlasBounds":{"left":378.5,"bottom":17.5,"right":420.5,"top":48.5}},{"unicode":62,"advance":0.6318359375,"planeBounds":{"left":0.01123046875,"bottom":-0.0859375,"right":0.62060546875,"top":0.6640625},"atlasBounds":{"left":550.5,"bottom":149.5,"right":589.5,"top":197.5}},{"unicode":63,"advance":0.517578125,"planeBounds":{"left":-0.052490234375,"bottom":-0.1015625,"right":0.556884765625,"top":0.7890625},"atlasBounds":{"left":560.5,"bottom":428.5,"right":599.5,"top":485.5}},{"unicode":64,"advance":0.88037109375,"planeBounds":{"left":-0.040771484375,"bottom":-0.1953125,"right":0.927978515625,"top":0.7890625},"atlasBounds":{"left":0.5,"bottom":324.5,"right":62.5,"top":387.5}},{"unicode":65,"advance":0.66845703125,"planeBounds":{"left":-0.072021484375,"bottom":-0.0859375,"right":0.740478515625,"top":0.7890625},"atlasBounds":{"left":559.5,"bottom":312.5,"right":611.5,"top":368.5}},{"unicode":66,"advance":0.626953125,"planeBounds":{"left":-0.02099609375,"bottom":-0.0859375,"right":0.68212890625,"top":0.7890625},"atlasBounds":{"left":612.5,"bottom":312.5,"right":657.5,"top":368.5}},{"unicode":67,"advance":0.70263671875,"planeBounds":{"left":-0.044677734375,"bottom":-0.1015625,"right":0.752197265625,"top":0.8046875},"atlasBounds":{"left":593.5,"bottom":487.5,"right":644.5,"top":545.5}},{"unicode":68,"advance":0.69189453125,"planeBounds":{"left":-0.016845703125,"bottom":-0.0859375,"right":0.733154296875,"top":0.7890625},"atlasBounds":{"left":216.5,"bottom":255.5,"right":264.5,"top":311.5}},{"unicode":69,"advance":0.5654296875,"planeBounds":{"left":-0.0224609375,"bottom":-0.0859375,"right":0.6025390625,"top":0.7890625},"atlasBounds":{"left":265.5,"bottom":255.5,"right":305.5,"top":311.5}},{"unicode":70,"advance":0.54052734375,"planeBounds":{"left":-0.01806640625,"bottom":-0.0859375,"right":0.59130859375,"top":0.7890625},"atlasBounds":{"left":366.5,"bottom":255.5,"right":405.5,"top":311.5}},{"unicode":71,"advance":0.71923828125,"planeBounds":{"left":-0.0400390625,"bottom":-0.1015625,"right":0.7568359375,"top":0.8046875},"atlasBounds":{"left":178.5,"bottom":427.5,"right":229.5,"top":485.5}},{"unicode":72,"advance":0.71826171875,"planeBounds":{"left":-0.023681640625,"bottom":-0.0859375,"right":0.741943359375,"top":0.7890625},"atlasBounds":{"left":565.5,"bottom":255.5,"right":614.5,"top":311.5}},{"unicode":73,"advance":0.25,"planeBounds":{"left":-0.0234375,"bottom":-0.0859375,"right":0.2734375,"top":0.7890625},"atlasBounds":{"left":658.5,"bottom":255.5,"right":677.5,"top":311.5}},{"unicode":74,"advance":0.53515625,"planeBounds":{"left":-0.0615234375,"bottom":-0.1015625,"right":0.5478515625,"top":0.7890625},"atlasBounds":{"left":600.5,"bottom":428.5,"right":639.5,"top":485.5}},{"unicode":75,"advance":0.64404296875,"planeBounds":{"left":-0.016357421875,"bottom":-0.0859375,"right":0.718017578125,"top":0.7890625},"atlasBounds":{"left":224.5,"bottom":198.5,"right":271.5,"top":254.5}},{"unicode":76,"advance":0.5361328125,"planeBounds":{"left":-0.019775390625,"bottom":-0.0859375,"right":0.589599609375,"top":0.7890625},"atlasBounds":{"left":272.5,"bottom":198.5,"right":311.5,"top":254.5}},{"unicode":77,"advance":0.8515625,"planeBounds":{"left":-0.019775390625,"bottom":-0.0859375,"right":0.870849609375,"top":0.7890625},"atlasBounds":{"left":74.5,"bottom":627.5,"right":131.5,"top":683.5}},{"unicode":78,"advance":0.708984375,"planeBounds":{"left":-0.020751953125,"bottom":-0.0859375,"right":0.729248046875,"top":0.7890625},"atlasBounds":{"left":356.5,"bottom":198.5,"right":404.5,"top":254.5}},{"unicode":79,"advance":0.74462890625,"planeBounds":{"left":-0.041748046875,"bottom":-0.1015625,"right":0.786376953125,"top":0.8046875},"atlasBounds":{"left":74.5,"bottom":114.5,"right":127.5,"top":172.5}},{"unicode":80,"advance":0.60302734375,"planeBounds":{"left":-0.018310546875,"bottom":-0.0859375,"right":0.653564453125,"top":0.7890625},"atlasBounds":{"left":405.5,"bottom":198.5,"right":448.5,"top":254.5}},{"unicode":81,"advance":0.74462890625,"planeBounds":{"left":-0.041748046875,"bottom":-0.1640625,"right":0.786376953125,"top":0.8046875},"atlasBounds":{"left":74.5,"bottom":51.5,"right":127.5,"top":113.5}},{"unicode":82,"advance":0.625,"planeBounds":{"left":-0.017333984375,"bottom":-0.0859375,"right":0.685791015625,"top":0.7890625},"atlasBounds":{"left":323.5,"bottom":141.5,"right":368.5,"top":197.5}},{"unicode":83,"advance":0.61767578125,"planeBounds":{"left":-0.05029296875,"bottom":-0.1015625,"right":0.66845703125,"top":0.8046875},"atlasBounds":{"left":230.5,"bottom":427.5,"right":276.5,"top":485.5}},{"unicode":84,"advance":0.59423828125,"planeBounds":{"left":-0.0546875,"bottom":-0.0859375,"right":0.6484375,"top":0.7890625},"atlasBounds":{"left":237.5,"bottom":141.5,"right":282.5,"top":197.5}},{"unicode":85,"advance":0.70361328125,"planeBounds":{"left":-0.0234375,"bottom":-0.1015625,"right":0.7265625,"top":0.7890625},"atlasBounds":{"left":132.5,"bottom":369.5,"right":180.5,"top":426.5}},{"unicode":86,"advance":0.6611328125,"planeBounds":{"left":-0.06787109375,"bottom":-0.0859375,"right":0.72900390625,"top":0.7890625},"atlasBounds":{"left":132.5,"bottom":141.5,"right":183.5,"top":197.5}},{"unicode":87,"advance":0.9501953125,"planeBounds":{"left":-0.06396484375,"bottom":-0.0859375,"right":1.01416015625,"top":0.7890625},"atlasBounds":{"left":0.5,"bottom":570.5,"right":69.5,"top":626.5}},{"unicode":88,"advance":0.6669921875,"planeBounds":{"left":-0.05712890625,"bottom":-0.0859375,"right":0.72412109375,"top":0.7890625},"atlasBounds":{"left":591.5,"bottom":198.5,"right":641.5,"top":254.5}},{"unicode":89,"advance":0.64599609375,"planeBounds":{"left":-0.067626953125,"bottom":-0.0859375,"right":0.713623046875,"top":0.7890625},"atlasBounds":{"left":540.5,"bottom":198.5,"right":590.5,"top":254.5}},{"unicode":90,"advance":0.62548828125,"planeBounds":{"left":-0.038818359375,"bottom":-0.0859375,"right":0.664306640625,"top":0.7890625},"atlasBounds":{"left":494.5,"bottom":198.5,"right":539.5,"top":254.5}},{"unicode":91,"advance":0.3603515625,"planeBounds":{"left":0.02099609375,"bottom":-0.2421875,"right":0.42724609375,"top":0.7890625},"atlasBounds":{"left":277.5,"bottom":546.5,"right":303.5,"top":612.5}},{"unicode":92,"advance":0.3603515625,"planeBounds":{"left":-0.08544921875,"bottom":-0.2421875,"right":0.44580078125,"top":0.7890625},"atlasBounds":{"left":304.5,"bottom":546.5,"right":338.5,"top":612.5}},{"unicode":93,"advance":0.3603515625,"planeBounds":{"left":-0.067138671875,"bottom":-0.2421875,"right":0.339111328125,"top":0.7890625},"atlasBounds":{"left":339.5,"bottom":546.5,"right":365.5,"top":612.5}},{"unicode":94,"advance":0.462890625,"planeBounds":{"left":-0.0576171875,"bottom":0.3046875,"right":0.5205078125,"top":0.7890625},"atlasBounds":{"left":340.5,"bottom":17.5,"right":377.5,"top":48.5}},{"unicode":95,"advance":0.4130859375,"planeBounds":{"left":-0.10595703125,"bottom":-0.2265625,"right":0.51904296875,"top":0.0390625},"atlasBounds":{"left":529.5,"bottom":31.5,"right":569.5,"top":48.5}},{"unicode":96,"advance":0.4921875,"planeBounds":{"left":0.0517578125,"bottom":0.5390625,"right":0.4423828125,"top":0.8671875},"atlasBounds":{"left":483.5,"bottom":27.5,"right":508.5,"top":48.5}},{"unicode":97,"advance":0.53076171875,"planeBounds":{"left":-0.056396484375,"bottom":-0.1015625,"right":0.568603515625,"top":0.6171875},"atlasBounds":{"left":132.5,"bottom":94.5,"right":172.5,"top":140.5}},{"unicode":98,"advance":0.58154296875,"planeBounds":{"left":-0.025146484375,"bottom":-0.1015625,"right":0.631103515625,"top":0.7890625},"atlasBounds":{"left":211.5,"bottom":369.5,"right":253.5,"top":426.5}},{"unicode":99,"advance":0.52880859375,"planeBounds":{"left":-0.052978515625,"bottom":-0.1015625,"right":0.587646484375,"top":0.6171875},"atlasBounds":{"left":173.5,"bottom":94.5,"right":214.5,"top":140.5}},{"unicode":100,"advance":0.580078125,"planeBounds":{"left":-0.050048828125,"bottom":-0.1015625,"right":0.606201171875,"top":0.7890625},"atlasBounds":{"left":254.5,"bottom":369.5,"right":296.5,"top":426.5}},{"unicode":101,"advance":0.53955078125,"planeBounds":{"left":-0.050537109375,"bottom":-0.1015625,"right":0.590087890625,"top":0.6171875},"atlasBounds":{"left":257.5,"bottom":94.5,"right":298.5,"top":140.5}},{"unicode":102,"advance":0.3369140625,"planeBounds":{"left":-0.065673828125,"bottom":-0.0859375,"right":0.387451171875,"top":0.7890625},"atlasBounds":{"left":535.5,"bottom":255.5,"right":564.5,"top":311.5}},{"unicode":103,"advance":0.5771484375,"planeBounds":{"left":-0.050048828125,"bottom":-0.2734375,"right":0.606201171875,"top":0.6171875},"atlasBounds":{"left":297.5,"bottom":369.5,"right":339.5,"top":426.5}},{"unicode":104,"advance":0.56787109375,"planeBounds":{"left":-0.025634765625,"bottom":-0.0859375,"right":0.599365234375,"top":0.7890625},"atlasBounds":{"left":450.5,"bottom":255.5,"right":490.5,"top":311.5}},{"unicode":105,"advance":0.2265625,"planeBounds":{"left":-0.034912109375,"bottom":-0.0859375,"right":0.261962890625,"top":0.8046875},"atlasBounds":{"left":340.5,"bottom":369.5,"right":359.5,"top":426.5}},{"unicode":106,"advance":0.2265625,"planeBounds":{"left":-0.11328125,"bottom":-0.2734375,"right":0.26171875,"top":0.8046875},"atlasBounds":{"left":379.5,"bottom":614.5,"right":403.5,"top":683.5}},{"unicode":107,"advance":0.5185546875,"planeBounds":{"left":-0.02587890625,"bottom":-0.0859375,"right":0.59912109375,"top":0.7890625},"atlasBounds":{"left":325.5,"bottom":255.5,"right":365.5,"top":311.5}},{"unicode":108,"advance":0.228515625,"planeBounds":{"left":-0.026611328125,"bottom":-0.0859375,"right":0.254638671875,"top":0.7890625},"atlasBounds":{"left":306.5,"bottom":255.5,"right":324.5,"top":311.5}},{"unicode":109,"advance":0.84130859375,"planeBounds":{"left":-0.03125,"bottom":-0.0859375,"right":0.875,"top":0.6171875},"atlasBounds":{"left":0.5,"bottom":61.5,"right":58.5,"top":106.5}},{"unicode":110,"advance":0.55810546875,"planeBounds":{"left":-0.0322265625,"bottom":-0.0859375,"right":0.5927734375,"top":0.6171875},"atlasBounds":{"left":548.5,"bottom":95.5,"right":588.5,"top":140.5}},{"unicode":111,"advance":0.5576171875,"planeBounds":{"left":-0.05712890625,"bottom":-0.1015625,"right":0.61474609375,"top":0.6171875},"atlasBounds":{"left":422.5,"bottom":94.5,"right":465.5,"top":140.5}},{"unicode":112,"advance":0.5771484375,"planeBounds":{"left":-0.02880859375,"bottom":-0.2578125,"right":0.62744140625,"top":0.6171875},"atlasBounds":{"left":132.5,"bottom":198.5,"right":174.5,"top":254.5}},{"unicode":113,"advance":0.5771484375,"planeBounds":{"left":-0.050048828125,"bottom":-0.2578125,"right":0.606201171875,"top":0.6171875},"atlasBounds":{"left":132.5,"bottom":255.5,"right":174.5,"top":311.5}},{"unicode":114,"advance":0.34375,"planeBounds":{"left":-0.0283203125,"bottom":-0.0859375,"right":0.4091796875,"top":0.6171875},"atlasBounds":{"left":630.5,"bottom":95.5,"right":658.5,"top":140.5}},{"unicode":115,"advance":0.4970703125,"planeBounds":{"left":-0.056396484375,"bottom":-0.1015625,"right":0.552978515625,"top":0.6171875},"atlasBounds":{"left":466.5,"bottom":94.5,"right":505.5,"top":140.5}},{"unicode":116,"advance":0.33544921875,"planeBounds":{"left":-0.070556640625,"bottom":-0.0859375,"right":0.382568359375,"top":0.7265625},"atlasBounds":{"left":498.5,"bottom":145.5,"right":527.5,"top":197.5}},{"unicode":117,"advance":0.55810546875,"planeBounds":{"left":-0.034423828125,"bottom":-0.1015625,"right":0.590576171875,"top":0.6015625},"atlasBounds":{"left":589.5,"bottom":95.5,"right":629.5,"top":140.5}},{"unicode":118,"advance":0.51123046875,"planeBounds":{"left":-0.072509765625,"bottom":-0.0859375,"right":0.583740234375,"top":0.6015625},"atlasBounds":{"left":406.5,"bottom":49.5,"right":448.5,"top":93.5}},{"unicode":119,"advance":0.7626953125,"planeBounds":{"left":-0.07177734375,"bottom":-0.0859375,"right":0.83447265625,"top":0.6015625},"atlasBounds":{"left":0.5,"bottom":16.5,"right":58.5,"top":60.5}},{"unicode":120,"advance":0.50634765625,"planeBounds":{"left":-0.06689453125,"bottom":-0.0859375,"right":0.57373046875,"top":0.6015625},"atlasBounds":{"left":132.5,"bottom":4.5,"right":173.5,"top":48.5}},{"unicode":121,"advance":0.52197265625,"planeBounds":{"left":-0.0751953125,"bottom":-0.2734375,"right":0.5966796875,"top":0.6015625},"atlasBounds":{"left":272.5,"bottom":312.5,"right":315.5,"top":368.5}},{"unicode":122,"advance":0.49169921875,"planeBounds":{"left":-0.043212890625,"bottom":-0.0859375,"right":0.534912109375,"top":0.6015625},"atlasBounds":{"left":171.5,"bottom":49.5,"right":208.5,"top":93.5}},{"unicode":123,"advance":0.3603515625,"planeBounds":{"left":-0.070068359375,"bottom":-0.2421875,"right":0.429931640625,"top":0.7890625},"atlasBounds":{"left":366.5,"bottom":546.5,"right":398.5,"top":612.5}},{"unicode":124,"advance":0.3603515625,"planeBounds":{"left":0.039306640625,"bottom":-0.2421875,"right":0.320556640625,"top":0.7890625},"atlasBounds":{"left":399.5,"bottom":546.5,"right":417.5,"top":612.5}},{"unicode":125,"advance":0.3603515625,"planeBounds":{"left":-0.070068359375,"bottom":-0.2421875,"right":0.429931640625,"top":0.7890625},"atlasBounds":{"left":418.5,"bottom":546.5,"right":450.5,"top":612.5}},{"unicode":126,"advance":0.6318359375,"planeBounds":{"left":-0.020018838816268807,"bottom":0.1640625,"right":0.65185616118373124,"top":0.5390625},"atlasBounds":{"left":439.5,"bottom":24.5,"right":482.5,"top":48.5}},{"unicode":211,"advance":0.74462890625,"planeBounds":{"left":-0.041748046875,"bottom":-0.1015625,"right":0.786376953125,"top":0.9921875},"atlasBounds":{"left":132.5,"bottom":613.5,"right":185.5,"top":683.5}},{"unicode":243,"advance":0.5576171875,"planeBounds":{"left":-0.05712890625,"bottom":-0.1015625,"right":0.61474609375,"top":0.8203125},"atlasBounds":{"left":541.5,"bottom":553.5,"right":584.5,"top":612.5}},{"unicode":260,"advance":0.66845703125,"planeBounds":{"left":-0.072021484375,"bottom":-0.3046875,"right":0.740478515625,"top":0.7890625},"atlasBounds":{"left":186.5,"bottom":613.5,"right":238.5,"top":683.5}},{"unicode":261,"advance":0.53076171875,"planeBounds":{"left":-0.056396484375,"bottom":-0.3046875,"right":0.568603515625,"top":0.6171875},"atlasBounds":{"left":585.5,"bottom":553.5,"right":625.5,"top":612.5}},{"unicode":262,"advance":0.70263671875,"planeBounds":{"left":-0.044677734375,"bottom":-0.1015625,"right":0.752197265625,"top":0.9921875},"atlasBounds":{"left":239.5,"bottom":613.5,"right":290.5,"top":683.5}},{"unicode":263,"advance":0.52880859375,"planeBounds":{"left":-0.052978515625,"bottom":-0.1015625,"right":0.587646484375,"top":0.8203125},"atlasBounds":{"left":626.5,"bottom":553.5,"right":667.5,"top":612.5}},{"unicode":280,"advance":0.5654296875,"planeBounds":{"left":-0.0224609375,"bottom":-0.3046875,"right":0.6025390625,"top":0.7890625},"atlasBounds":{"left":291.5,"bottom":613.5,"right":331.5,"top":683.5}},{"unicode":281,"advance":0.53955078125,"planeBounds":{"left":-0.050537109375,"bottom":-0.3046875,"right":0.590087890625,"top":0.6171875},"atlasBounds":{"left":173.5,"bottom":486.5,"right":214.5,"top":545.5}},{"unicode":321,"advance":0.5400390625,"planeBounds":{"left":-0.065185546875,"bottom":-0.0859375,"right":0.591064453125,"top":0.7890625},"atlasBounds":{"left":615.5,"bottom":255.5,"right":657.5,"top":311.5}},{"unicode":322,"advance":0.24462890625,"planeBounds":{"left":-0.072998046875,"bottom":-0.0859375,"right":0.317626953125,"top":0.7890625},"atlasBounds":{"left":658.5,"bottom":312.5,"right":683.5,"top":368.5}},{"unicode":323,"advance":0.708984375,"planeBounds":{"left":-0.020751953125,"bottom":-0.0859375,"right":0.729248046875,"top":0.9921875},"atlasBounds":{"left":404.5,"bottom":614.5,"right":452.5,"top":683.5}},{"unicode":324,"advance":0.55810546875,"planeBounds":{"left":-0.0322265625,"bottom":-0.0859375,"right":0.5927734375,"top":0.8203125},"atlasBounds":{"left":371.5,"bottom":427.5,"right":411.5,"top":485.5}},{"unicode":346,"advance":0.61767578125,"planeBounds":{"left":-0.05029296875,"bottom":-0.1015625,"right":0.66845703125,"top":0.9921875},"atlasBounds":{"left":332.5,"bottom":613.5,"right":378.5,"top":683.5}},{"unicode":347,"advance":0.4970703125,"planeBounds":{"left":-0.056396484375,"bottom":-0.1015625,"right":0.552978515625,"top":0.8203125},"atlasBounds":{"left":215.5,"bottom":486.5,"right":254.5,"top":545.5}},{"unicode":377,"advance":0.62548828125,"planeBounds":{"left":-0.038818359375,"bottom":-0.0859375,"right":0.664306640625,"top":0.9921875},"atlasBounds":{"left":453.5,"bottom":614.5,"right":498.5,"top":683.5}},{"unicode":378,"advance":0.49169921875,"planeBounds":{"left":-0.043212890625,"bottom":-0.0859375,"right":0.534912109375,"top":0.8203125},"atlasBounds":{"left":645.5,"bottom":487.5,"right":682.5,"top":545.5}},{"unicode":379,"advance":0.62548828125,"planeBounds":{"left":-0.038818359375,"bottom":-0.0859375,"right":0.664306640625,"top":0.9921875},"atlasBounds":{"left":499.5,"bottom":614.5,"right":544.5,"top":683.5}},{"unicode":380,"advance":0.49169921875,"planeBounds":{"left":-0.043212890625,"bottom":-0.0859375,"right":0.534912109375,"top":0.8203125},"atlasBounds":{"left":412.5,"bottom":427.5,"right":449.5,"top":485.5}},{"unicode":1025,"advance":0.57568359375,"planeBounds":{"left":-0.017578125,"bottom":-0.0859375,"right":0.607421875,"top":0.9765625},"atlasBounds":{"left":595.5,"bottom":615.5,"right":635.5,"top":683.5}},{"unicode":1040,"advance":0.67822265625,"planeBounds":{"left":-0.067138671875,"bottom":-0.0859375,"right":0.745361328125,"top":0.7890625},"atlasBounds":{"left":184.5,"bottom":141.5,"right":236.5,"top":197.5}},{"unicode":1041,"advance":0.62890625,"planeBounds":{"left":-0.01171875,"bottom":-0.0859375,"right":0.66015625,"top":0.7890625},"atlasBounds":{"left":406.5,"bottom":255.5,"right":449.5,"top":311.5}},{"unicode":1042,"advance":0.63671875,"planeBounds":{"left":-0.01611328125,"bottom":-0.0859375,"right":0.68701171875,"top":0.7890625},"atlasBounds":{"left":226.5,"bottom":312.5,"right":271.5,"top":368.5}},{"unicode":1043,"advance":0.5390625,"planeBounds":{"left":-0.017333984375,"bottom":-0.0859375,"right":0.592041015625,"top":0.7890625},"atlasBounds":{"left":283.5,"bottom":141.5,"right":322.5,"top":197.5}},{"unicode":1044,"advance":0.748046875,"planeBounds":{"left":-0.068603515625,"bottom":-0.2265625,"right":0.806396484375,"top":0.7890625},"atlasBounds":{"left":74.5,"bottom":447.5,"right":130.5,"top":512.5}},{"unicode":1045,"advance":0.57568359375,"planeBounds":{"left":-0.017578125,"bottom":-0.0859375,"right":0.607421875,"top":0.7890625},"atlasBounds":{"left":175.5,"bottom":255.5,"right":215.5,"top":311.5}},{"unicode":1046,"advance":0.99072265625,"planeBounds":{"left":-0.0751953125,"bottom":-0.0859375,"right":1.0654296875,"top":0.7890625},"atlasBounds":{"left":0.5,"bottom":627.5,"right":73.5,"top":683.5}},{"unicode":1047,"advance":0.60986328125,"planeBounds":{"left":-0.046630859375,"bottom":-0.1015625,"right":0.656494140625,"top":0.8046875},"atlasBounds":{"left":132.5,"bottom":427.5,"right":177.5,"top":485.5}},{"unicode":1048,"advance":0.72998046875,"planeBounds":{"left":-0.01806640625,"bottom":-0.0859375,"right":0.74755859375,"top":0.7890625},"atlasBounds":{"left":509.5,"bottom":312.5,"right":558.5,"top":368.5}},{"unicode":1049,"advance":0.72998046875,"planeBounds":{"left":-0.01806640625,"bottom":-0.0859375,"right":0.74755859375,"top":0.9921875},"atlasBounds":{"left":545.5,"bottom":614.5,"right":594.5,"top":683.5}},{"unicode":1050,"advance":0.65478515625,"planeBounds":{"left":-0.01123046875,"bottom":-0.0859375,"right":0.72314453125,"top":0.7890625},"atlasBounds":{"left":418.5,"bottom":312.5,"right":465.5,"top":368.5}},{"unicode":1051,"advance":0.703125,"planeBounds":{"left":-0.06103515625,"bottom":-0.0859375,"right":0.72021484375,"top":0.7890625},"atlasBounds":{"left":316.5,"bottom":312.5,"right":366.5,"top":368.5}},{"unicode":1052,"advance":0.861328125,"planeBounds":{"left":-0.014892578125,"bottom":-0.0859375,"right":0.875732421875,"top":0.7890625},"atlasBounds":{"left":74.5,"bottom":570.5,"right":131.5,"top":626.5}},{"unicode":1053,"advance":0.72802734375,"planeBounds":{"left":-0.018798828125,"bottom":-0.0859375,"right":0.746826171875,"top":0.7890625},"atlasBounds":{"left":571.5,"bottom":370.5,"right":620.5,"top":426.5}},{"unicode":1054,"advance":0.75439453125,"planeBounds":{"left":-0.036865234375,"bottom":-0.1015625,"right":0.791259765625,"top":0.8046875},"atlasBounds":{"left":307.5,"bottom":487.5,"right":360.5,"top":545.5}},{"unicode":1055,"advance":0.7197265625,"planeBounds":{"left":-0.01513671875,"bottom":-0.0859375,"right":0.73486328125,"top":0.7890625},"atlasBounds":{"left":175.5,"bottom":198.5,"right":223.5,"top":254.5}},{"unicode":1056,"advance":0.61572265625,"planeBounds":{"left":-0.013427734375,"bottom":-0.0859375,"right":0.658447265625,"top":0.7890625},"atlasBounds":{"left":491.5,"bottom":255.5,"right":534.5,"top":311.5}},{"unicode":1057,"advance":0.7109375,"planeBounds":{"left":-0.04052734375,"bottom":-0.1015625,"right":0.75634765625,"top":0.8046875},"atlasBounds":{"left":319.5,"bottom":427.5,"right":370.5,"top":485.5}},{"unicode":1058,"advance":0.60400390625,"planeBounds":{"left":-0.0498046875,"bottom":-0.0859375,"right":0.6533203125,"top":0.7890625},"atlasBounds":{"left":180.5,"bottom":312.5,"right":225.5,"top":368.5}},{"unicode":1059,"advance":0.63134765625,"planeBounds":{"left":-0.065185546875,"bottom":-0.0859375,"right":0.700439453125,"top":0.7890625},"atlasBounds":{"left":474.5,"bottom":370.5,"right":523.5,"top":426.5}},{"unicode":1060,"advance":0.8369140625,"planeBounds":{"left":-0.042724609375,"bottom":-0.1015625,"right":0.879150390625,"top":0.8046875},"atlasBounds":{"left":0.5,"bottom":220.5,"right":59.5,"top":278.5}},{"unicode":1061,"advance":0.6767578125,"planeBounds":{"left":-0.05224609375,"bottom":-0.0859375,"right":0.72900390625,"top":0.7890625},"atlasBounds":{"left":367.5,"bottom":312.5,"right":417.5,"top":368.5}},{"unicode":1062,"advance":0.76416015625,"planeBounds":{"left":-0.01806640625,"bottom":-0.2265625,"right":0.82568359375,"top":0.7890625},"atlasBounds":{"left":74.5,"bottom":289.5,"right":128.5,"top":354.5}},{"unicode":1063,"advance":0.68896484375,"planeBounds":{"left":-0.0283203125,"bottom":-0.0859375,"right":0.7060546875,"top":0.7890625},"atlasBounds":{"left":132.5,"bottom":312.5,"right":179.5,"top":368.5}},{"unicode":1064,"advance":0.95166015625,"planeBounds":{"left":-0.016357421875,"bottom":-0.0859375,"right":0.968017578125,"top":0.7890625},"atlasBounds":{"left":0.5,"bottom":388.5,"right":63.5,"top":444.5}},{"unicode":1065,"advance":0.99560546875,"planeBounds":{"left":-0.011474609375,"bottom":-0.2265625,"right":1.051025390625,"top":0.7890625},"atlasBounds":{"left":0.5,"bottom":504.5,"right":68.5,"top":569.5}},{"unicode":1066,"advance":0.7431640625,"planeBounds":{"left":-0.05322265625,"bottom":-0.0859375,"right":0.79052734375,"top":0.7890625},"atlasBounds":{"left":74.5,"bottom":232.5,"right":128.5,"top":288.5}},{"unicode":1067,"advance":0.86083984375,"planeBounds":{"left":-0.014892578125,"bottom":-0.0859375,"right":0.875732421875,"top":0.7890625},"atlasBounds":{"left":74.5,"bottom":513.5,"right":131.5,"top":569.5}},{"unicode":1068,"advance":0.619140625,"planeBounds":{"left":-0.017822265625,"bottom":-0.0859375,"right":0.669677734375,"top":0.7890625},"atlasBounds":{"left":449.5,"bottom":198.5,"right":493.5,"top":254.5}},{"unicode":1069,"advance":0.7109375,"planeBounds":{"left":-0.04541015625,"bottom":-0.1015625,"right":0.75146484375,"top":0.8046875},"atlasBounds":{"left":255.5,"bottom":487.5,"right":306.5,"top":545.5}},{"unicode":1070,"advance":1.00244140625,"planeBounds":{"left":-0.01806640625,"bottom":-0.1015625,"right":1.04443359375,"top":0.8046875},"atlasBounds":{"left":0.5,"bottom":445.5,"right":68.5,"top":503.5}},{"unicode":1071,"advance":0.65380859375,"planeBounds":{"left":-0.052490234375,"bottom":-0.0859375,"right":0.666259765625,"top":0.7890625},"atlasBounds":{"left":524.5,"bottom":370.5,"right":570.5,"top":426.5}},{"unicode":1072,"advance":0.5400390625,"planeBounds":{"left":-0.051513671875,"bottom":-0.1015625,"right":0.573486328125,"top":0.6171875},"atlasBounds":{"left":339.5,"bottom":94.5,"right":379.5,"top":140.5}},{"unicode":1073,"advance":0.57568359375,"planeBounds":{"left":-0.04638671875,"bottom":-0.1015625,"right":0.62548828125,"top":0.8203125},"atlasBounds":{"left":497.5,"bottom":553.5,"right":540.5,"top":612.5}},{"unicode":1074,"advance":0.525390625,"planeBounds":{"left":-0.02490234375,"bottom":-0.0859375,"right":0.56884765625,"top":0.6015625},"atlasBounds":{"left":132.5,"bottom":49.5,"right":170.5,"top":93.5}},{"unicode":1075,"advance":0.4365234375,"planeBounds":{"left":-0.028076171875,"bottom":-0.0859375,"right":0.487548828125,"top":0.6015625},"atlasBounds":{"left":249.5,"bottom":49.5,"right":282.5,"top":93.5}},{"unicode":1076,"advance":0.61328125,"planeBounds":{"left":-0.07080078125,"bottom":-0.2265625,"right":0.67919921875,"top":0.6015625},"atlasBounds":{"left":369.5,"bottom":144.5,"right":417.5,"top":197.5}},{"unicode":1077,"advance":0.548828125,"planeBounds":{"left":-0.045654296875,"bottom":-0.1015625,"right":0.594970703125,"top":0.6171875},"atlasBounds":{"left":506.5,"bottom":94.5,"right":547.5,"top":140.5}},{"unicode":1078,"advance":0.7880859375,"planeBounds":{"left":-0.074951171875,"bottom":-0.0859375,"right":0.862548828125,"top":0.6015625},"atlasBounds":{"left":0.5,"bottom":279.5,"right":60.5,"top":323.5}},{"unicode":1079,"advance":0.5048828125,"planeBounds":{"left":-0.055908203125,"bottom":-0.1015625,"right":0.553466796875,"top":0.6171875},"atlasBounds":{"left":299.5,"bottom":94.5,"right":338.5,"top":140.5}},{"unicode":1080,"advance":0.57568359375,"planeBounds":{"left":-0.024658203125,"bottom":-0.0859375,"right":0.600341796875,"top":0.6015625},"atlasBounds":{"left":217.5,"bottom":4.5,"right":257.5,"top":48.5}},{"unicode":1081,"advance":0.57568359375,"planeBounds":{"left":-0.024658203125,"bottom":-0.0859375,"right":0.600341796875,"top":0.8359375},"atlasBounds":{"left":132.5,"bottom":486.5,"right":172.5,"top":545.5}},{"unicode":1082,"advance":0.5283203125,"planeBounds":{"left":-0.025146484375,"bottom":-0.0859375,"right":0.599853515625,"top":0.6015625},"atlasBounds":{"left":324.5,"bottom":49.5,"right":364.5,"top":93.5}},{"unicode":1083,"advance":0.56005859375,"planeBounds":{"left":-0.067626953125,"bottom":-0.0859375,"right":0.588623046875,"top":0.6015625},"atlasBounds":{"left":174.5,"bottom":4.5,"right":216.5,"top":48.5}},{"unicode":1084,"advance":0.72509765625,"planeBounds":{"left":-0.028076171875,"bottom":-0.0859375,"right":0.753173828125,"top":0.6015625},"atlasBounds":{"left":609.5,"bottom":49.5,"right":659.5,"top":93.5}},{"unicode":1085,"advance":0.56982421875,"planeBounds":{"left":-0.02783203125,"bottom":-0.0859375,"right":0.59716796875,"top":0.6015625},"atlasBounds":{"left":283.5,"bottom":49.5,"right":323.5,"top":93.5}},{"unicode":1086,"advance":0.56689453125,"planeBounds":{"left":-0.05224609375,"bottom":-0.1015625,"right":0.61962890625,"top":0.6171875},"atlasBounds":{"left":590.5,"bottom":151.5,"right":633.5,"top":197.5}},{"unicode":1087,"advance":0.56494140625,"planeBounds":{"left":-0.030029296875,"bottom":-0.0859375,"right":0.594970703125,"top":0.6015625},"atlasBounds":{"left":365.5,"bottom":49.5,"right":405.5,"top":93.5}},{"unicode":1088,"advance":0.58740234375,"planeBounds":{"left":-0.02392578125,"bottom":-0.2578125,"right":0.63232421875,"top":0.6171875},"atlasBounds":{"left":431.5,"bottom":370.5,"right":473.5,"top":426.5}},{"unicode":1089,"advance":0.53515625,"planeBounds":{"left":-0.0498046875,"bottom":-0.1015625,"right":0.5908203125,"top":0.6171875},"atlasBounds":{"left":380.5,"bottom":94.5,"right":421.5,"top":140.5}},{"unicode":1090,"advance":0.47998046875,"planeBounds":{"left":-0.064697265625,"bottom":-0.0859375,"right":0.544677734375,"top":0.6015625},"atlasBounds":{"left":487.5,"bottom":49.5,"right":526.5,"top":93.5}},{"unicode":1091,"advance":0.53173828125,"planeBounds":{"left":-0.0703125,"bottom":-0.2734375,"right":0.6015625,"top":0.6015625},"atlasBounds":{"left":312.5,"bottom":198.5,"right":355.5,"top":254.5}},{"unicode":1092,"advance":0.736328125,"planeBounds":{"left":-0.0458984375,"bottom":-0.2578125,"right":0.7822265625,"top":0.7734375},"atlasBounds":{"left":132.5,"bottom":546.5,"right":185.5,"top":612.5}},{"unicode":1093,"advance":0.515625,"planeBounds":{"left":-0.06201171875,"bottom":-0.0859375,"right":0.57861328125,"top":0.6015625},"atlasBounds":{"left":527.5,"bottom":49.5,"right":568.5,"top":93.5}},{"unicode":1094,"advance":0.60107421875,"planeBounds":{"left":-0.031005859375,"bottom":-0.2265625,"right":0.672119140625,"top":0.6015625},"atlasBounds":{"left":452.5,"bottom":144.5,"right":497.5,"top":197.5}},{"unicode":1095,"advance":0.54443359375,"planeBounds":{"left":-0.037841796875,"bottom":-0.0859375,"right":0.571533203125,"top":0.6015625},"atlasBounds":{"left":569.5,"bottom":49.5,"right":608.5,"top":93.5}},{"unicode":1096,"advance":0.79345703125,"planeBounds":{"left":-0.025146484375,"bottom":-0.0859375,"right":0.818603515625,"top":0.6015625},"atlasBounds":{"left":74.5,"bottom":355.5,"right":128.5,"top":399.5}},{"unicode":1097,"advance":0.830078125,"planeBounds":{"left":-0.025634765625,"bottom":-0.2265625,"right":0.896240234375,"top":0.6015625},"atlasBounds":{"left":0.5,"bottom":166.5,"right":59.5,"top":219.5}},{"unicode":1098,"advance":0.60546875,"planeBounds":{"left":-0.061279296875,"bottom":-0.0859375,"right":0.657470703125,"top":0.6015625},"atlasBounds":{"left":258.5,"bottom":4.5,"right":304.5,"top":48.5}},{"unicode":1099,"advance":0.7041015625,"planeBounds":{"left":-0.03076171875,"bottom":-0.0859375,"right":0.73486328125,"top":0.6015625},"atlasBounds":{"left":634.5,"bottom":153.5,"right":683.5,"top":197.5}},{"unicode":1100,"advance":0.50341796875,"planeBounds":{"left":-0.025146484375,"bottom":-0.0859375,"right":0.552978515625,"top":0.6015625},"atlasBounds":{"left":449.5,"bottom":49.5,"right":486.5,"top":93.5}},{"unicode":1101,"advance":0.53515625,"planeBounds":{"left":-0.05517578125,"bottom":-0.1015625,"right":0.58544921875,"top":0.6171875},"atlasBounds":{"left":642.5,"bottom":208.5,"right":683.5,"top":254.5}},{"unicode":1102,"advance":0.7822265625,"planeBounds":{"left":-0.028076171875,"bottom":-0.1015625,"right":0.831298828125,"top":0.6171875},"atlasBounds":{"left":74.5,"bottom":400.5,"right":129.5,"top":446.5}},{"unicode":1103,"advance":0.52197265625,"planeBounds":{"left":-0.059326171875,"bottom":-0.0859375,"right":0.550048828125,"top":0.6015625},"atlasBounds":{"left":209.5,"bottom":49.5,"right":248.5,"top":93.5}},{"unicode":1105,"advance":0.548828125,"planeBounds":{"left":-0.045654296875,"bottom":-0.1015625,"right":0.594970703125,"top":0.8046875},"atlasBounds":{"left":277.5,"bottom":427.5,"right":318.5,"top":485.5}},{"unicode":1108,"advance":0.53515625,"planeBounds":{"left":-0.0498046875,"bottom":-0.1015625,"right":0.5908203125,"top":0.6171875},"atlasBounds":{"left":215.5,"bottom":94.5,"right":256.5,"top":140.5}},{"unicode":1110,"advance":0.236328125,"planeBounds":{"left":-0.030029296875,"bottom":-0.0859375,"right":0.266845703125,"top":0.8046875},"atlasBounds":{"left":360.5,"bottom":369.5,"right":379.5,"top":426.5}},{"unicode":1111,"advance":0.236328125,"planeBounds":{"left":-0.10693359375,"bottom":-0.0859375,"right":0.34619140625,"top":0.8046875},"atlasBounds":{"left":181.5,"bottom":369.5,"right":210.5,"top":426.5}},{"unicode":1169,"advance":0.4365234375,"planeBounds":{"left":-0.028076171875,"bottom":-0.0859375,"right":0.487548828125,"top":0.7421875},"atlasBounds":{"left":418.5,"bottom":144.5,"right":451.5,"top":197.5}}],"kerning":[]}
